ISO-10303-21;
HEADER;
FILE_DESCRIPTION(('KiCad electronic assembly'),'2;1');
FILE_NAME('buttboard.step','2025-05-27T14:06:25',('Pcbnew'),('Kicad'),
  'Open CASCADE STEP processor 7.8','KiCad to STEP converter','Unknown'
  );
FILE_SCHEMA(('AUTOMOTIVE_DESIGN { 1 0 10303 214 1 1 1 1 }'));
ENDSEC;
DATA;
#1 = APPLICATION_PROTOCOL_DEFINITION('international standard',
  'automotive_design',2000,#2);
#2 = APPLICATION_CONTEXT(
  'core data for automotive mechanical design processes');
#3 = SHAPE_DEFINITION_REPRESENTATION(#4,#10);
#4 = PRODUCT_DEFINITION_SHAPE('','',#5);
#5 = PRODUCT_DEFINITION('design','',#6,#9);
#6 = PRODUCT_DEFINITION_FORMATION('','',#7);
#7 = PRODUCT('buttboard 1','buttboard 1','',(#8));
#8 = PRODUCT_CONTEXT('',#2,'mechanical');
#9 = PRODUCT_DEFINITION_CONTEXT('part definition',#2,'design');
#10 = SHAPE_REPRESENTATION('',(#11,#15,#19),#23);
#11 = AXIS2_PLACEMENT_3D('',#12,#13,#14);
#12 = CARTESIAN_POINT('',(0.,0.,0.));
#13 = DIRECTION('',(0.,0.,1.));
#14 = DIRECTION('',(1.,0.,-0.));
#15 = AXIS2_PLACEMENT_3D('',#16,#17,#18);
#16 = CARTESIAN_POINT('',(0.,0.,0.));
#17 = DIRECTION('',(0.,0.,1.));
#18 = DIRECTION('',(1.,0.,-0.));
#19 = AXIS2_PLACEMENT_3D('',#20,#21,#22);
#20 = CARTESIAN_POINT('',(0.,0.,0.));
#21 = DIRECTION('',(0.,0.,1.));
#22 = DIRECTION('',(1.,0.,-0.));
#23 = ( GEOMETRIC_REPRESENTATION_CONTEXT(3) 
GLOBAL_UNCERTAINTY_ASSIGNED_CONTEXT((#27)) GLOBAL_UNIT_ASSIGNED_CONTEXT(
(#24,#25,#26)) REPRESENTATION_CONTEXT('Context #1',
  '3D Context with UNIT and UNCERTAINTY') );
#24 = ( LENGTH_UNIT() NAMED_UNIT(*) SI_UNIT(.MILLI.,.METRE.) );
#25 = ( NAMED_UNIT(*) PLANE_ANGLE_UNIT() SI_UNIT($,.RADIAN.) );
#26 = ( NAMED_UNIT(*) SI_UNIT($,.STERADIAN.) SOLID_ANGLE_UNIT() );
#27 = UNCERTAINTY_MEASURE_WITH_UNIT(LENGTH_MEASURE(1.E-07),#24,
  'distance_accuracy_value','confusion accuracy');
#28 = PRODUCT_RELATED_PRODUCT_CATEGORY('part',$,(#7));
#29 = SHAPE_DEFINITION_REPRESENTATION(#30,#36);
#30 = PRODUCT_DEFINITION_SHAPE('','',#31);
#31 = PRODUCT_DEFINITION('design','',#32,#35);
#32 = PRODUCT_DEFINITION_FORMATION('','',#33);
#33 = PRODUCT('buttboard_silkscreen','buttboard_silkscreen','',(#34));
#34 = PRODUCT_CONTEXT('',#2,'mechanical');
#35 = PRODUCT_DEFINITION_CONTEXT('part definition',#2,'design');
#36 = SHAPE_REPRESENTATION('',(#11,#37,#149,#275,#588,#714,#950,#1027,
    #1139,#1217,#1359,#1389,#1419,#1449,#1616,#1742,#1884,#2010,#2040,
    #2288,#2318,#2348,#2378,#2504,#2647,#2773,#2967,#2997,#3245,#3387,
    #3513,#3725,#3794,#3920,#4123,#4249,#4375),#4596);
#37 = SHELL_BASED_SURFACE_MODEL('',(#38));
#38 = OPEN_SHELL('',(#39));
#39 = ADVANCED_FACE('',(#40,#110),#144,.T.);
#40 = FACE_BOUND('',#41,.F.);
#41 = EDGE_LOOP('',(#42,#53,#61,#70,#78,#87,#95,#104));
#42 = ORIENTED_EDGE('',*,*,#43,.T.);
#43 = EDGE_CURVE('',#44,#46,#48,.T.);
#44 = VERTEX_POINT('',#45);
#45 = CARTESIAN_POINT('',(139.926441,-106.485368,3.2806));
#46 = VERTEX_POINT('',#47);
#47 = CARTESIAN_POINT('',(140.,-106.425,3.2806));
#48 = CIRCLE('',#49,7.500074938978E-02);
#49 = AXIS2_PLACEMENT_3D('',#50,#51,#52);
#50 = CARTESIAN_POINT('',(140.00000046611,-106.5000007493,3.2806));
#51 = DIRECTION('',(0.,0.,-1.));
#52 = DIRECTION('',(-0.980783081614,0.195101375751,0.));
#53 = ORIENTED_EDGE('',*,*,#54,.T.);
#54 = EDGE_CURVE('',#46,#55,#57,.T.);
#55 = VERTEX_POINT('',#56);
#56 = CARTESIAN_POINT('',(154.014632,-106.426441,3.2806));
#57 = LINE('',#58,#59);
#58 = CARTESIAN_POINT('',(140.,-106.425,3.2806));
#59 = VECTOR('',#60,1.);
#60 = DIRECTION('',(0.999999994714,-1.028211081377E-04,0.));
#61 = ORIENTED_EDGE('',*,*,#62,.T.);
#62 = EDGE_CURVE('',#55,#63,#65,.T.);
#63 = VERTEX_POINT('',#64);
#64 = CARTESIAN_POINT('',(154.075,-106.5,3.2806));
#65 = CIRCLE('',#66,7.500074938991E-02);
#66 = AXIS2_PLACEMENT_3D('',#67,#68,#69);
#67 = CARTESIAN_POINT('',(153.99999925061,-106.5000004661,3.2806));
#68 = DIRECTION('',(0.,0.,-1.));
#69 = DIRECTION('',(0.195101375753,0.980783081613,0.));
#70 = ORIENTED_EDGE('',*,*,#71,.T.);
#71 = EDGE_CURVE('',#63,#72,#74,.T.);
#72 = VERTEX_POINT('',#73);
#73 = CARTESIAN_POINT('',(154.073559,-120.514632,3.2806));
#74 = LINE('',#75,#76);
#75 = CARTESIAN_POINT('',(154.075,-106.5,3.2806));
#76 = VECTOR('',#77,1.);
#77 = DIRECTION('',(-1.028211081377E-04,-0.999999994714,0.));
#78 = ORIENTED_EDGE('',*,*,#79,.T.);
#79 = EDGE_CURVE('',#72,#80,#82,.T.);
#80 = VERTEX_POINT('',#81);
#81 = CARTESIAN_POINT('',(154.,-120.575,3.2806));
#82 = CIRCLE('',#83,7.500074938978E-02);
#83 = AXIS2_PLACEMENT_3D('',#84,#85,#86);
#84 = CARTESIAN_POINT('',(153.99999953389,-120.4999992506,3.2806));
#85 = DIRECTION('',(0.,0.,-1.));
#86 = DIRECTION('',(0.980783081614,-0.195101375751,0.));
#87 = ORIENTED_EDGE('',*,*,#88,.T.);
#88 = EDGE_CURVE('',#80,#89,#91,.T.);
#89 = VERTEX_POINT('',#90);
#90 = CARTESIAN_POINT('',(139.985368,-120.573559,3.2806));
#91 = LINE('',#92,#93);
#92 = CARTESIAN_POINT('',(154.,-120.575,3.2806));
#93 = VECTOR('',#94,1.);
#94 = DIRECTION('',(-0.999999994714,1.028211081377E-04,0.));
#95 = ORIENTED_EDGE('',*,*,#96,.T.);
#96 = EDGE_CURVE('',#89,#97,#99,.T.);
#97 = VERTEX_POINT('',#98);
#98 = CARTESIAN_POINT('',(139.925,-120.5,3.2806));
#99 = CIRCLE('',#100,7.500074938991E-02);
#100 = AXIS2_PLACEMENT_3D('',#101,#102,#103);
#101 = CARTESIAN_POINT('',(140.00000074938,-120.4999995338,3.2806));
#102 = DIRECTION('',(0.,0.,-1.));
#103 = DIRECTION('',(-0.195101375753,-0.980783081613,-0.));
#104 = ORIENTED_EDGE('',*,*,#105,.T.);
#105 = EDGE_CURVE('',#97,#44,#106,.T.);
#106 = LINE('',#107,#108);
#107 = CARTESIAN_POINT('',(139.925,-120.5,3.2806));
#108 = VECTOR('',#109,1.);
#109 = DIRECTION('',(1.028211081377E-04,0.999999994714,0.));
#110 = FACE_BOUND('',#111,.F.);
#111 = EDGE_LOOP('',(#112,#122,#130,#138));
#112 = ORIENTED_EDGE('',*,*,#113,.T.);
#113 = EDGE_CURVE('',#114,#116,#118,.T.);
#114 = VERTEX_POINT('',#115);
#115 = CARTESIAN_POINT('',(153.925,-120.425,3.2806));
#116 = VERTEX_POINT('',#117);
#117 = CARTESIAN_POINT('',(153.925,-106.575,3.2806));
#118 = LINE('',#119,#120);
#119 = CARTESIAN_POINT('',(153.925,-120.425,3.2806));
#120 = VECTOR('',#121,1.);
#121 = DIRECTION('',(0.,1.,0.));
#122 = ORIENTED_EDGE('',*,*,#123,.T.);
#123 = EDGE_CURVE('',#116,#124,#126,.T.);
#124 = VERTEX_POINT('',#125);
#125 = CARTESIAN_POINT('',(140.075,-106.575,3.2806));
#126 = LINE('',#127,#128);
#127 = CARTESIAN_POINT('',(153.925,-106.575,3.2806));
#128 = VECTOR('',#129,1.);
#129 = DIRECTION('',(-1.,0.,0.));
#130 = ORIENTED_EDGE('',*,*,#131,.T.);
#131 = EDGE_CURVE('',#124,#132,#134,.T.);
#132 = VERTEX_POINT('',#133);
#133 = CARTESIAN_POINT('',(140.075,-120.425,3.2806));
#134 = LINE('',#135,#136);
#135 = CARTESIAN_POINT('',(140.075,-106.575,3.2806));
#136 = VECTOR('',#137,1.);
#137 = DIRECTION('',(0.,-1.,0.));
#138 = ORIENTED_EDGE('',*,*,#139,.T.);
#139 = EDGE_CURVE('',#132,#114,#140,.T.);
#140 = LINE('',#141,#142);
#141 = CARTESIAN_POINT('',(140.075,-120.425,3.2806));
#142 = VECTOR('',#143,1.);
#143 = DIRECTION('',(1.,0.,0.));
#144 = PLANE('',#145);
#145 = AXIS2_PLACEMENT_3D('',#146,#147,#148);
#146 = CARTESIAN_POINT('',(0.,0.,3.2806));
#147 = DIRECTION('',(0.,0.,1.));
#148 = DIRECTION('',(1.,0.,-0.));
#149 = SHELL_BASED_SURFACE_MODEL('',(#150));
#150 = OPEN_SHELL('',(#151));
#151 = ADVANCED_FACE('',(#152),#270,.T.);
#152 = FACE_BOUND('',#153,.F.);
#153 = EDGE_LOOP('',(#154,#165,#173,#181,#189,#198,#206,#215,#223,#231,
    #239,#248,#256,#264));
#154 = ORIENTED_EDGE('',*,*,#155,.T.);
#155 = EDGE_CURVE('',#156,#158,#160,.T.);
#156 = VERTEX_POINT('',#157);
#157 = CARTESIAN_POINT('',(114.696427,-112.942459,3.2806));
#158 = VERTEX_POINT('',#159);
#159 = CARTESIAN_POINT('',(114.813095,-113.004819,3.2806));
#160 = CIRCLE('',#161,7.500000000003E-02);
#161 = AXIS2_PLACEMENT_3D('',#162,#163,#164);
#162 = CARTESIAN_POINT('',(114.738095,-113.0048190655,3.2806));
#163 = DIRECTION('',(0.,0.,-1.));
#164 = DIRECTION('',(-0.555573333333,0.831467540731,0.));
#165 = ORIENTED_EDGE('',*,*,#166,.T.);
#166 = EDGE_CURVE('',#158,#167,#169,.T.);
#167 = VERTEX_POINT('',#168);
#168 = CARTESIAN_POINT('',(114.813095,-113.406009,3.2806));
#169 = LINE('',#170,#171);
#170 = CARTESIAN_POINT('',(114.813095,-113.004819,3.2806));
#171 = VECTOR('',#172,1.);
#172 = DIRECTION('',(0.,-1.,0.));
#173 = ORIENTED_EDGE('',*,*,#174,.T.);
#174 = EDGE_CURVE('',#167,#175,#177,.T.);
#175 = VERTEX_POINT('',#176);
#176 = CARTESIAN_POINT('',(115.234523,-113.406009,3.2806));
#177 = LINE('',#178,#179);
#178 = CARTESIAN_POINT('',(114.813095,-113.406009,3.2806));
#179 = VECTOR('',#180,1.);
#180 = DIRECTION('',(1.,0.,0.));
#181 = ORIENTED_EDGE('',*,*,#182,.T.);
#182 = EDGE_CURVE('',#175,#183,#185,.T.);
#183 = VERTEX_POINT('',#184);
#184 = CARTESIAN_POINT('',(115.235964,-112.990187,3.2806));
#185 = LINE('',#186,#187);
#186 = CARTESIAN_POINT('',(115.234523,-113.406009,3.2806));
#187 = VECTOR('',#188,1.);
#188 = DIRECTION('',(3.465404301528E-03,0.999993995468,0.));
#189 = ORIENTED_EDGE('',*,*,#190,.T.);
#190 = EDGE_CURVE('',#183,#191,#193,.T.);
#191 = VERTEX_POINT('',#192);
#192 = CARTESIAN_POINT('',(115.384523,-113.004819,3.2806));
#193 = CIRCLE('',#194,7.500006711464E-02);
#194 = AXIS2_PLACEMENT_3D('',#195,#196,#197);
#195 = CARTESIAN_POINT('',(115.30952293288,-113.0048189328,3.2806));
#196 = DIRECTION('',(0.,0.,-1.));
#197 = DIRECTION('',(-0.980784894138,0.195092263891,0.));
#198 = ORIENTED_EDGE('',*,*,#199,.T.);
#199 = EDGE_CURVE('',#191,#200,#202,.T.);
#200 = VERTEX_POINT('',#201);
#201 = CARTESIAN_POINT('',(115.383082,-114.019451,3.2806));
#202 = LINE('',#203,#204);
#203 = CARTESIAN_POINT('',(115.384523,-113.004819,3.2806));
#204 = VECTOR('',#205,1.);
#205 = DIRECTION('',(-1.420217918158E-03,-0.99999899149,0.));
#206 = ORIENTED_EDGE('',*,*,#207,.T.);
#207 = EDGE_CURVE('',#200,#208,#210,.T.);
#208 = VERTEX_POINT('',#209);
#209 = CARTESIAN_POINT('',(115.234523,-114.004819,3.2806));
#210 = CIRCLE('',#211,7.500006711465E-02);
#211 = AXIS2_PLACEMENT_3D('',#212,#213,#214);
#212 = CARTESIAN_POINT('',(115.30952306711,-114.0048190671,3.2806));
#213 = DIRECTION('',(-0.,0.,-1.));
#214 = DIRECTION('',(0.980784894138,-0.195092263891,-0.));
#215 = ORIENTED_EDGE('',*,*,#216,.T.);
#216 = EDGE_CURVE('',#208,#217,#219,.T.);
#217 = VERTEX_POINT('',#218);
#218 = CARTESIAN_POINT('',(115.234523,-113.556009,3.2806));
#219 = LINE('',#220,#221);
#220 = CARTESIAN_POINT('',(115.234523,-114.004819,3.2806));
#221 = VECTOR('',#222,1.);
#222 = DIRECTION('',(0.,1.,0.));
#223 = ORIENTED_EDGE('',*,*,#224,.T.);
#224 = EDGE_CURVE('',#217,#225,#227,.T.);
#225 = VERTEX_POINT('',#226);
#226 = CARTESIAN_POINT('',(114.813095,-113.556009,3.2806));
#227 = LINE('',#228,#229);
#228 = CARTESIAN_POINT('',(115.234523,-113.556009,3.2806));
#229 = VECTOR('',#230,1.);
#230 = DIRECTION('',(-1.,0.,0.));
#231 = ORIENTED_EDGE('',*,*,#232,.T.);
#232 = EDGE_CURVE('',#225,#233,#235,.T.);
#233 = VERTEX_POINT('',#234);
#234 = CARTESIAN_POINT('',(114.811654,-114.019451,3.2806));
#235 = LINE('',#236,#237);
#236 = CARTESIAN_POINT('',(114.813095,-113.556009,3.2806));
#237 = VECTOR('',#238,1.);
#238 = DIRECTION('',(-3.109327670448E-03,-0.999995166029,0.));
#239 = ORIENTED_EDGE('',*,*,#240,.T.);
#240 = EDGE_CURVE('',#233,#241,#243,.T.);
#241 = VERTEX_POINT('',#242);
#242 = CARTESIAN_POINT('',(114.663095,-114.004819,3.2806));
#243 = CIRCLE('',#244,7.500006711464E-02);
#244 = AXIS2_PLACEMENT_3D('',#245,#246,#247);
#245 = CARTESIAN_POINT('',(114.73809506711,-114.0048190671,3.2806));
#246 = DIRECTION('',(-0.,0.,-1.));
#247 = DIRECTION('',(0.980784894138,-0.195092263891,-0.));
#248 = ORIENTED_EDGE('',*,*,#249,.T.);
#249 = EDGE_CURVE('',#241,#250,#252,.T.);
#250 = VERTEX_POINT('',#251);
#251 = CARTESIAN_POINT('',(114.664536,-112.990187,3.2806));
#252 = LINE('',#253,#254);
#253 = CARTESIAN_POINT('',(114.663095,-114.004819,3.2806));
#254 = VECTOR('',#255,1.);
#255 = DIRECTION('',(1.420217918158E-03,0.99999899149,0.));
#256 = ORIENTED_EDGE('',*,*,#257,.T.);
#257 = EDGE_CURVE('',#250,#258,#260,.T.);
#258 = VERTEX_POINT('',#259);
#259 = CARTESIAN_POINT('',(114.675735,-112.963151,3.2806));
#260 = LINE('',#261,#262);
#261 = CARTESIAN_POINT('',(114.664536,-112.990187,3.2806));
#262 = VECTOR('',#263,1.);
#263 = DIRECTION('',(0.38269282806,0.923875640631,0.));
#264 = ORIENTED_EDGE('',*,*,#265,.T.);
#265 = EDGE_CURVE('',#258,#156,#266,.T.);
#266 = LINE('',#267,#268);
#267 = CARTESIAN_POINT('',(114.675735,-112.963151,3.2806));
#268 = VECTOR('',#269,1.);
#269 = DIRECTION('',(0.707106781187,0.707106781187,0.));
#270 = PLANE('',#271);
#271 = AXIS2_PLACEMENT_3D('',#272,#273,#274);
#272 = CARTESIAN_POINT('',(0.,0.,3.2806));
#273 = DIRECTION('',(0.,0.,1.));
#274 = DIRECTION('',(1.,0.,-0.));
#275 = SHELL_BASED_SURFACE_MODEL('',(#276));
#276 = OPEN_SHELL('',(#277));
#277 = ADVANCED_FACE('',(#278,#428,#498),#583,.T.);
#278 = FACE_BOUND('',#279,.F.);
#279 = EDGE_LOOP('',(#280,#291,#299,#307,#315,#323,#331,#339,#348,#356,
    #365,#373,#382,#390,#398,#406,#414,#422));
#280 = ORIENTED_EDGE('',*,*,#281,.T.);
#281 = EDGE_CURVE('',#282,#284,#286,.T.);
#282 = VERTEX_POINT('',#283);
#283 = CARTESIAN_POINT('',(115.793492,-112.98932,3.2806));
#284 = VERTEX_POINT('',#285);
#285 = CARTESIAN_POINT('',(116.261568,-112.994686,3.2806));
#286 = CIRCLE('',#287,0.397581403297);
#287 = AXIS2_PLACEMENT_3D('',#288,#289,#290);
#288 = CARTESIAN_POINT('',(116.02384587062,-113.3133694816,3.2806));
#289 = DIRECTION('',(0.,0.,-1.));
#290 = DIRECTION('',(-0.579387940978,0.815051908684,0.));
#291 = ORIENTED_EDGE('',*,*,#292,.T.);
#292 = EDGE_CURVE('',#284,#293,#295,.T.);
#293 = VERTEX_POINT('',#294);
#294 = CARTESIAN_POINT('',(116.325021,-113.060216,3.2806));
#295 = LINE('',#296,#297);
#296 = CARTESIAN_POINT('',(116.261568,-112.994686,3.2806));
#297 = VECTOR('',#298,1.);
#298 = DIRECTION('',(0.695630129574,-0.718400113327,0.));
#299 = ORIENTED_EDGE('',*,*,#300,.T.);
#300 = EDGE_CURVE('',#293,#301,#303,.T.);
#301 = VERTEX_POINT('',#302);
#302 = CARTESIAN_POINT('',(116.383082,-113.180663,3.2806));
#303 = LINE('',#304,#305);
#304 = CARTESIAN_POINT('',(116.325021,-113.060216,3.2806));
#305 = VECTOR('',#306,1.);
#306 = DIRECTION('',(0.434228424707,-0.900802794832,0.));
#307 = ORIENTED_EDGE('',*,*,#308,.T.);
#308 = EDGE_CURVE('',#301,#309,#311,.T.);
#309 = VERTEX_POINT('',#310);
#310 = CARTESIAN_POINT('',(116.38186,-113.262724,3.2806));
#311 = LINE('',#312,#313);
#312 = CARTESIAN_POINT('',(116.383082,-113.180663,3.2806));
#313 = VECTOR('',#314,1.);
#314 = DIRECTION('',(-1.488971047957E-02,-0.999889142116,0.));
#315 = ORIENTED_EDGE('',*,*,#316,.T.);
#316 = EDGE_CURVE('',#309,#317,#319,.T.);
#317 = VERTEX_POINT('',#318);
#318 = CARTESIAN_POINT('',(116.319655,-113.385435,3.2806));
#319 = LINE('',#320,#321);
#320 = CARTESIAN_POINT('',(116.38186,-113.262724,3.2806));
#321 = VECTOR('',#322,1.);
#322 = DIRECTION('',(-0.45214655154,-0.891943661859,0.));
#323 = ORIENTED_EDGE('',*,*,#324,.T.);
#324 = EDGE_CURVE('',#317,#325,#327,.T.);
#325 = VERTEX_POINT('',#326);
#326 = CARTESIAN_POINT('',(116.272732,-113.43339,3.2806));
#327 = LINE('',#328,#329);
#328 = CARTESIAN_POINT('',(116.319655,-113.385435,3.2806));
#329 = VECTOR('',#330,1.);
#330 = DIRECTION('',(-0.699374120429,-0.714755790235,0.));
#331 = ORIENTED_EDGE('',*,*,#332,.T.);
#332 = EDGE_CURVE('',#325,#333,#335,.T.);
#333 = VERTEX_POINT('',#334);
#334 = CARTESIAN_POINT('',(116.328986,-113.495087,3.2806));
#335 = LINE('',#336,#337);
#336 = CARTESIAN_POINT('',(116.272732,-113.43339,3.2806));
#337 = VECTOR('',#338,1.);
#338 = DIRECTION('',(0.673759436039,-0.738950757729,0.));
#339 = ORIENTED_EDGE('',*,*,#340,.T.);
#340 = EDGE_CURVE('',#333,#341,#343,.T.);
#341 = VERTEX_POINT('',#342);
#342 = CARTESIAN_POINT('',(116.319655,-113.956863,3.2806));
#343 = CIRCLE('',#344,0.395774657874);
#344 = AXIS2_PLACEMENT_3D('',#345,#346,#347);
#345 = CARTESIAN_POINT('',(116.00297274421,-113.7194816007,3.2806));
#346 = DIRECTION('',(0.,0.,-1.));
#347 = DIRECTION('',(0.823734540094,0.566975667428,0.));
#348 = ORIENTED_EDGE('',*,*,#349,.T.);
#349 = EDGE_CURVE('',#341,#350,#352,.T.);
#350 = VERTEX_POINT('',#351);
#351 = CARTESIAN_POINT('',(116.254125,-114.020317,3.2806));
#352 = LINE('',#353,#354);
#353 = CARTESIAN_POINT('',(116.319655,-113.956863,3.2806));
#354 = VECTOR('',#355,1.);
#355 = DIRECTION('',(-0.718394634729,-0.695635787458,0.));
#356 = ORIENTED_EDGE('',*,*,#357,.T.);
#357 = EDGE_CURVE('',#350,#358,#360,.T.);
#358 = VERTEX_POINT('',#359);
#359 = CARTESIAN_POINT('',(115.786048,-114.01495,3.2806));
#360 = CIRCLE('',#361,0.397464151365);
#361 = AXIS2_PLACEMENT_3D('',#362,#363,#364);
#362 = CARTESIAN_POINT('',(116.02376964058,-113.6964124461,3.2806));
#363 = DIRECTION('',(-0.,0.,-1.));
#364 = DIRECTION('',(0.579562606145,-0.814927717996,-0.));
#365 = ORIENTED_EDGE('',*,*,#366,.T.);
#366 = EDGE_CURVE('',#358,#367,#369,.T.);
#367 = VERTEX_POINT('',#368);
#368 = CARTESIAN_POINT('',(115.722595,-113.949417,3.2806));
#369 = LINE('',#370,#371);
#370 = CARTESIAN_POINT('',(115.786048,-114.01495,3.2806));
#371 = VECTOR('',#372,1.);
#372 = DIRECTION('',(-0.695613693927,0.718416027676,0.));
#373 = ORIENTED_EDGE('',*,*,#374,.T.);
#374 = EDGE_CURVE('',#367,#375,#377,.T.);
#375 = VERTEX_POINT('',#376);
#376 = CARTESIAN_POINT('',(115.727962,-113.481344,3.2806));
#377 = CIRCLE('',#378,0.397465551155);
#378 = AXIS2_PLACEMENT_3D('',#379,#380,#381);
#379 = CARTESIAN_POINT('',(116.04650274227,-113.7190637086,3.2806));
#380 = DIRECTION('',(0.,0.,-1.));
#381 = DIRECTION('',(-0.814932869863,-0.579555361995,-0.));
#382 = ORIENTED_EDGE('',*,*,#383,.T.);
#383 = EDGE_CURVE('',#375,#384,#386,.T.);
#384 = VERTEX_POINT('',#385);
#385 = CARTESIAN_POINT('',(115.774886,-113.43339,3.2806));
#386 = LINE('',#387,#388);
#387 = CARTESIAN_POINT('',(115.727962,-113.481344,3.2806));
#388 = VECTOR('',#389,1.);
#389 = DIRECTION('',(0.699389185334,0.714741049218,0.));
#390 = ORIENTED_EDGE('',*,*,#391,.T.);
#391 = EDGE_CURVE('',#384,#392,#394,.T.);
#392 = VERTEX_POINT('',#393);
#393 = CARTESIAN_POINT('',(115.718632,-113.371693,3.2806));
#394 = LINE('',#395,#396);
#395 = CARTESIAN_POINT('',(115.774886,-113.43339,3.2806));
#396 = VECTOR('',#397,1.);
#397 = DIRECTION('',(-0.673759436039,0.738950757729,0.));
#398 = ORIENTED_EDGE('',*,*,#399,.T.);
#399 = EDGE_CURVE('',#392,#400,#402,.T.);
#400 = VERTEX_POINT('',#401);
#401 = CARTESIAN_POINT('',(115.664536,-113.257546,3.2806));
#402 = LINE('',#403,#404);
#403 = CARTESIAN_POINT('',(115.718632,-113.371693,3.2806));
#404 = VECTOR('',#405,1.);
#405 = DIRECTION('',(-0.428256830769,0.903657062662,0.));
#406 = ORIENTED_EDGE('',*,*,#407,.T.);
#407 = EDGE_CURVE('',#400,#408,#410,.T.);
#408 = VERTEX_POINT('',#409);
#409 = CARTESIAN_POINT('',(115.665758,-113.175486,3.2806));
#410 = LINE('',#411,#412);
#411 = CARTESIAN_POINT('',(115.664536,-113.257546,3.2806));
#412 = VECTOR('',#413,1.);
#413 = DIRECTION('',(1.488989188842E-02,0.999889139415,0.));
#414 = ORIENTED_EDGE('',*,*,#415,.T.);
#415 = EDGE_CURVE('',#408,#416,#418,.T.);
#416 = VERTEX_POINT('',#417);
#417 = CARTESIAN_POINT('',(115.727962,-113.052773,3.2806));
#418 = LINE('',#419,#420);
#419 = CARTESIAN_POINT('',(115.665758,-113.175486,3.2806));
#420 = VECTOR('',#421,1.);
#421 = DIRECTION('',(0.4521349062,0.891949565052,0.));
#422 = ORIENTED_EDGE('',*,*,#423,.T.);
#423 = EDGE_CURVE('',#416,#282,#424,.T.);
#424 = LINE('',#425,#426);
#425 = CARTESIAN_POINT('',(115.727962,-113.052773,3.2806));
#426 = VECTOR('',#427,1.);
#427 = DIRECTION('',(0.718400113328,0.695630129574,0.));
#428 = FACE_BOUND('',#429,.F.);
#429 = EDGE_LOOP('',(#430,#441,#449,#458,#466,#475,#483,#492));
#430 = ORIENTED_EDGE('',*,*,#431,.T.);
#431 = EDGE_CURVE('',#432,#434,#436,.T.);
#432 = VERTEX_POINT('',#433);
#433 = CARTESIAN_POINT('',(116.169858,-113.542648,3.2806));
#434 = VERTEX_POINT('',#435);
#435 = CARTESIAN_POINT('',(115.87776,-113.542648,3.2806));
#436 = CIRCLE('',#437,0.252889603602);
#437 = AXIS2_PLACEMENT_3D('',#438,#439,#440);
#438 = CARTESIAN_POINT('',(116.023809,-113.749101,3.2806));
#439 = DIRECTION('',(0.,0.,1.));
#440 = DIRECTION('',(0.577520775547,0.816375988018,-0.));
#441 = ORIENTED_EDGE('',*,*,#442,.T.);
#442 = EDGE_CURVE('',#434,#443,#445,.T.);
#443 = VERTEX_POINT('',#444);
#444 = CARTESIAN_POINT('',(115.847353,-113.573055,3.2806));
#445 = LINE('',#446,#447);
#446 = CARTESIAN_POINT('',(115.87776,-113.542648,3.2806));
#447 = VECTOR('',#448,1.);
#448 = DIRECTION('',(-0.707106781187,-0.707106781187,0.));
#449 = ORIENTED_EDGE('',*,*,#450,.T.);
#450 = EDGE_CURVE('',#443,#451,#453,.T.);
#451 = VERTEX_POINT('',#452);
#452 = CARTESIAN_POINT('',(115.847353,-113.865153,3.2806));
#453 = CIRCLE('',#454,0.252889603602);
#454 = AXIS2_PLACEMENT_3D('',#455,#456,#457);
#455 = CARTESIAN_POINT('',(116.053806,-113.719104,3.2806));
#456 = DIRECTION('',(0.,0.,1.));
#457 = DIRECTION('',(-0.816375988018,0.577520775547,0.));
#458 = ORIENTED_EDGE('',*,*,#459,.T.);
#459 = EDGE_CURVE('',#451,#460,#462,.T.);
#460 = VERTEX_POINT('',#461);
#461 = CARTESIAN_POINT('',(115.87776,-113.895561,3.2806));
#462 = LINE('',#463,#464);
#463 = CARTESIAN_POINT('',(115.847353,-113.865153,3.2806));
#464 = VECTOR('',#465,1.);
#465 = DIRECTION('',(0.707095153914,-0.707118408268,0.));
#466 = ORIENTED_EDGE('',*,*,#467,.T.);
#467 = EDGE_CURVE('',#460,#468,#470,.T.);
#468 = VERTEX_POINT('',#469);
#469 = CARTESIAN_POINT('',(116.169857,-113.895561,3.2806));
#470 = CIRCLE('',#471,0.252888498466);
#471 = AXIS2_PLACEMENT_3D('',#472,#473,#474);
#472 = CARTESIAN_POINT('',(116.0238085,-113.689109,3.2806));
#473 = DIRECTION('',(0.,0.,1.));
#474 = DIRECTION('',(-0.577521322188,-0.816375601313,0.));
#475 = ORIENTED_EDGE('',*,*,#476,.T.);
#476 = EDGE_CURVE('',#468,#477,#479,.T.);
#477 = VERTEX_POINT('',#478);
#478 = CARTESIAN_POINT('',(116.200264,-113.865153,3.2806));
#479 = LINE('',#480,#481);
#480 = CARTESIAN_POINT('',(116.169857,-113.895561,3.2806));
#481 = VECTOR('',#482,1.);
#482 = DIRECTION('',(0.707095153914,0.707118408268,0.));
#483 = ORIENTED_EDGE('',*,*,#484,.T.);
#484 = EDGE_CURVE('',#477,#485,#487,.T.);
#485 = VERTEX_POINT('',#486);
#486 = CARTESIAN_POINT('',(116.200265,-113.573055,3.2806));
#487 = CIRCLE('',#488,0.252885429722);
#488 = AXIS2_PLACEMENT_3D('',#489,#490,#491);
#489 = CARTESIAN_POINT('',(115.99381661271,-113.7191032932,3.2806));
#490 = DIRECTION('',(0.,-0.,1.));
#491 = DIRECTION('',(0.816367267624,-0.577533102387,-0.));
#492 = ORIENTED_EDGE('',*,*,#493,.T.);
#493 = EDGE_CURVE('',#485,#432,#494,.T.);
#494 = LINE('',#495,#496);
#495 = CARTESIAN_POINT('',(116.200265,-113.573055,3.2806));
#496 = VECTOR('',#497,1.);
#497 = DIRECTION('',(-0.707106781187,0.707106781187,0.));
#498 = FACE_BOUND('',#499,.F.);
#499 = EDGE_LOOP('',(#500,#511,#519,#527,#535,#544,#552,#561,#569,#577)
  );
#500 = ORIENTED_EDGE('',*,*,#501,.T.);
#501 = EDGE_CURVE('',#502,#504,#506,.T.);
#502 = VERTEX_POINT('',#503);
#503 = CARTESIAN_POINT('',(116.169858,-113.114077,3.2806));
#504 = VERTEX_POINT('',#505);
#505 = CARTESIAN_POINT('',(115.87776,-113.114077,3.2806));
#506 = CIRCLE('',#507,0.252889603602);
#507 = AXIS2_PLACEMENT_3D('',#508,#509,#510);
#508 = CARTESIAN_POINT('',(116.023809,-113.32053,3.2806));
#509 = DIRECTION('',(0.,0.,1.));
#510 = DIRECTION('',(0.577520775547,0.816375988018,-0.));
#511 = ORIENTED_EDGE('',*,*,#512,.T.);
#512 = EDGE_CURVE('',#504,#513,#515,.T.);
#513 = VERTEX_POINT('',#514);
#514 = CARTESIAN_POINT('',(115.847353,-113.144484,3.2806));
#515 = LINE('',#516,#517);
#516 = CARTESIAN_POINT('',(115.87776,-113.114077,3.2806));
#517 = VECTOR('',#518,1.);
#518 = DIRECTION('',(-0.707106781186,-0.707106781187,0.));
#519 = ORIENTED_EDGE('',*,*,#520,.T.);
#520 = EDGE_CURVE('',#513,#521,#523,.T.);
#521 = VERTEX_POINT('',#522);
#522 = CARTESIAN_POINT('',(115.813095,-113.213,3.2806));
#523 = LINE('',#524,#525);
#524 = CARTESIAN_POINT('',(115.847353,-113.144484,3.2806));
#525 = VECTOR('',#526,1.);
#526 = DIRECTION('',(-0.4472135955,-0.894427191,0.));
#527 = ORIENTED_EDGE('',*,*,#528,.T.);
#528 = EDGE_CURVE('',#521,#529,#531,.T.);
#529 = VERTEX_POINT('',#530);
#530 = CARTESIAN_POINT('',(115.813095,-113.225209,3.2806));
#531 = LINE('',#532,#533);
#532 = CARTESIAN_POINT('',(115.813095,-113.213,3.2806));
#533 = VECTOR('',#534,1.);
#534 = DIRECTION('',(0.,-1.,0.));
#535 = ORIENTED_EDGE('',*,*,#536,.T.);
#536 = EDGE_CURVE('',#529,#537,#539,.T.);
#537 = VERTEX_POINT('',#538);
#538 = CARTESIAN_POINT('',(115.946276,-113.35839,3.2806));
#539 = CIRCLE('',#540,0.18686440374);
#540 = AXIS2_PLACEMENT_3D('',#541,#542,#543);
#541 = CARTESIAN_POINT('',(115.993812,-113.177673,3.2806));
#542 = DIRECTION('',(0.,0.,1.));
#543 = DIRECTION('',(-0.967102328658,-0.254387668538,0.));
#544 = ORIENTED_EDGE('',*,*,#545,.T.);
#545 = EDGE_CURVE('',#537,#546,#548,.T.);
#546 = VERTEX_POINT('',#547);
#547 = CARTESIAN_POINT('',(116.101342,-113.35839,3.2806));
#548 = LINE('',#549,#550);
#549 = CARTESIAN_POINT('',(115.946276,-113.35839,3.2806));
#550 = VECTOR('',#551,1.);
#551 = DIRECTION('',(1.,0.,0.));
#552 = ORIENTED_EDGE('',*,*,#553,.T.);
#553 = EDGE_CURVE('',#546,#554,#556,.T.);
#554 = VERTEX_POINT('',#555);
#555 = CARTESIAN_POINT('',(116.234523,-113.225209,3.2806));
#556 = CIRCLE('',#557,0.18686440374);
#557 = AXIS2_PLACEMENT_3D('',#558,#559,#560);
#558 = CARTESIAN_POINT('',(116.053806,-113.177673,3.2806));
#559 = DIRECTION('',(0.,0.,1.));
#560 = DIRECTION('',(0.254387668537,-0.967102328658,0.));
#561 = ORIENTED_EDGE('',*,*,#562,.T.);
#562 = EDGE_CURVE('',#554,#563,#565,.T.);
#563 = VERTEX_POINT('',#564);
#564 = CARTESIAN_POINT('',(116.234523,-113.213,3.2806));
#565 = LINE('',#566,#567);
#566 = CARTESIAN_POINT('',(116.234523,-113.225209,3.2806));
#567 = VECTOR('',#568,1.);
#568 = DIRECTION('',(0.,1.,0.));
#569 = ORIENTED_EDGE('',*,*,#570,.T.);
#570 = EDGE_CURVE('',#563,#571,#573,.T.);
#571 = VERTEX_POINT('',#572);
#572 = CARTESIAN_POINT('',(116.200265,-113.144484,3.2806));
#573 = LINE('',#574,#575);
#574 = CARTESIAN_POINT('',(116.234523,-113.213,3.2806));
#575 = VECTOR('',#576,1.);
#576 = DIRECTION('',(-0.4472135955,0.894427191,0.));
#577 = ORIENTED_EDGE('',*,*,#578,.T.);
#578 = EDGE_CURVE('',#571,#502,#579,.T.);
#579 = LINE('',#580,#581);
#580 = CARTESIAN_POINT('',(116.200265,-113.144484,3.2806));
#581 = VECTOR('',#582,1.);
#582 = DIRECTION('',(-0.707106781186,0.707106781187,0.));
#583 = PLANE('',#584);
#584 = AXIS2_PLACEMENT_3D('',#585,#586,#587);
#585 = CARTESIAN_POINT('',(0.,0.,3.2806));
#586 = DIRECTION('',(0.,0.,1.));
#587 = DIRECTION('',(1.,0.,-0.));
#588 = SHELL_BASED_SURFACE_MODEL('',(#589));
#589 = OPEN_SHELL('',(#590));
#590 = ADVANCED_FACE('',(#591),#709,.T.);
#591 = FACE_BOUND('',#592,.F.);
#592 = EDGE_LOOP('',(#593,#604,#612,#620,#628,#637,#645,#654,#662,#670,
    #678,#687,#695,#703));
#593 = ORIENTED_EDGE('',*,*,#594,.T.);
#594 = EDGE_CURVE('',#595,#597,#599,.T.);
#595 = VERTEX_POINT('',#596);
#596 = CARTESIAN_POINT('',(188.696427,-112.942459,3.2806));
#597 = VERTEX_POINT('',#598);
#598 = CARTESIAN_POINT('',(188.813095,-113.004819,3.2806));
#599 = CIRCLE('',#600,7.500000000003E-02);
#600 = AXIS2_PLACEMENT_3D('',#601,#602,#603);
#601 = CARTESIAN_POINT('',(188.738095,-113.0048190655,3.2806));
#602 = DIRECTION('',(0.,0.,-1.));
#603 = DIRECTION('',(-0.555573333333,0.831467540731,0.));
#604 = ORIENTED_EDGE('',*,*,#605,.T.);
#605 = EDGE_CURVE('',#597,#606,#608,.T.);
#606 = VERTEX_POINT('',#607);
#607 = CARTESIAN_POINT('',(188.813095,-113.406009,3.2806));
#608 = LINE('',#609,#610);
#609 = CARTESIAN_POINT('',(188.813095,-113.004819,3.2806));
#610 = VECTOR('',#611,1.);
#611 = DIRECTION('',(0.,-1.,0.));
#612 = ORIENTED_EDGE('',*,*,#613,.T.);
#613 = EDGE_CURVE('',#606,#614,#616,.T.);
#614 = VERTEX_POINT('',#615);
#615 = CARTESIAN_POINT('',(189.234523,-113.406009,3.2806));
#616 = LINE('',#617,#618);
#617 = CARTESIAN_POINT('',(188.813095,-113.406009,3.2806));
#618 = VECTOR('',#619,1.);
#619 = DIRECTION('',(1.,0.,0.));
#620 = ORIENTED_EDGE('',*,*,#621,.T.);
#621 = EDGE_CURVE('',#614,#622,#624,.T.);
#622 = VERTEX_POINT('',#623);
#623 = CARTESIAN_POINT('',(189.235964,-112.990187,3.2806));
#624 = LINE('',#625,#626);
#625 = CARTESIAN_POINT('',(189.234523,-113.406009,3.2806));
#626 = VECTOR('',#627,1.);
#627 = DIRECTION('',(3.465404301528E-03,0.999993995468,0.));
#628 = ORIENTED_EDGE('',*,*,#629,.T.);
#629 = EDGE_CURVE('',#622,#630,#632,.T.);
#630 = VERTEX_POINT('',#631);
#631 = CARTESIAN_POINT('',(189.384523,-113.004819,3.2806));
#632 = CIRCLE('',#633,7.500006711464E-02);
#633 = AXIS2_PLACEMENT_3D('',#634,#635,#636);
#634 = CARTESIAN_POINT('',(189.30952293288,-113.0048189328,3.2806));
#635 = DIRECTION('',(0.,0.,-1.));
#636 = DIRECTION('',(-0.980784894138,0.195092263891,0.));
#637 = ORIENTED_EDGE('',*,*,#638,.T.);
#638 = EDGE_CURVE('',#630,#639,#641,.T.);
#639 = VERTEX_POINT('',#640);
#640 = CARTESIAN_POINT('',(189.383082,-114.019451,3.2806));
#641 = LINE('',#642,#643);
#642 = CARTESIAN_POINT('',(189.384523,-113.004819,3.2806));
#643 = VECTOR('',#644,1.);
#644 = DIRECTION('',(-1.420217918158E-03,-0.99999899149,0.));
#645 = ORIENTED_EDGE('',*,*,#646,.T.);
#646 = EDGE_CURVE('',#639,#647,#649,.T.);
#647 = VERTEX_POINT('',#648);
#648 = CARTESIAN_POINT('',(189.234523,-114.004819,3.2806));
#649 = CIRCLE('',#650,7.500006711464E-02);
#650 = AXIS2_PLACEMENT_3D('',#651,#652,#653);
#651 = CARTESIAN_POINT('',(189.30952306711,-114.0048190671,3.2806));
#652 = DIRECTION('',(-0.,0.,-1.));
#653 = DIRECTION('',(0.980784894138,-0.195092263891,-0.));
#654 = ORIENTED_EDGE('',*,*,#655,.T.);
#655 = EDGE_CURVE('',#647,#656,#658,.T.);
#656 = VERTEX_POINT('',#657);
#657 = CARTESIAN_POINT('',(189.234523,-113.556009,3.2806));
#658 = LINE('',#659,#660);
#659 = CARTESIAN_POINT('',(189.234523,-114.004819,3.2806));
#660 = VECTOR('',#661,1.);
#661 = DIRECTION('',(0.,1.,0.));
#662 = ORIENTED_EDGE('',*,*,#663,.T.);
#663 = EDGE_CURVE('',#656,#664,#666,.T.);
#664 = VERTEX_POINT('',#665);
#665 = CARTESIAN_POINT('',(188.813095,-113.556009,3.2806));
#666 = LINE('',#667,#668);
#667 = CARTESIAN_POINT('',(189.234523,-113.556009,3.2806));
#668 = VECTOR('',#669,1.);
#669 = DIRECTION('',(-1.,0.,0.));
#670 = ORIENTED_EDGE('',*,*,#671,.T.);
#671 = EDGE_CURVE('',#664,#672,#674,.T.);
#672 = VERTEX_POINT('',#673);
#673 = CARTESIAN_POINT('',(188.811654,-114.019451,3.2806));
#674 = LINE('',#675,#676);
#675 = CARTESIAN_POINT('',(188.813095,-113.556009,3.2806));
#676 = VECTOR('',#677,1.);
#677 = DIRECTION('',(-3.109327670448E-03,-0.999995166029,0.));
#678 = ORIENTED_EDGE('',*,*,#679,.T.);
#679 = EDGE_CURVE('',#672,#680,#682,.T.);
#680 = VERTEX_POINT('',#681);
#681 = CARTESIAN_POINT('',(188.663095,-114.004819,3.2806));
#682 = CIRCLE('',#683,7.500006711465E-02);
#683 = AXIS2_PLACEMENT_3D('',#684,#685,#686);
#684 = CARTESIAN_POINT('',(188.73809506711,-114.0048190671,3.2806));
#685 = DIRECTION('',(-0.,0.,-1.));
#686 = DIRECTION('',(0.980784894138,-0.195092263892,-0.));
#687 = ORIENTED_EDGE('',*,*,#688,.T.);
#688 = EDGE_CURVE('',#680,#689,#691,.T.);
#689 = VERTEX_POINT('',#690);
#690 = CARTESIAN_POINT('',(188.664536,-112.990187,3.2806));
#691 = LINE('',#692,#693);
#692 = CARTESIAN_POINT('',(188.663095,-114.004819,3.2806));
#693 = VECTOR('',#694,1.);
#694 = DIRECTION('',(1.420217918158E-03,0.99999899149,0.));
#695 = ORIENTED_EDGE('',*,*,#696,.T.);
#696 = EDGE_CURVE('',#689,#697,#699,.T.);
#697 = VERTEX_POINT('',#698);
#698 = CARTESIAN_POINT('',(188.675735,-112.963151,3.2806));
#699 = LINE('',#700,#701);
#700 = CARTESIAN_POINT('',(188.664536,-112.990187,3.2806));
#701 = VECTOR('',#702,1.);
#702 = DIRECTION('',(0.38269282806,0.923875640631,0.));
#703 = ORIENTED_EDGE('',*,*,#704,.T.);
#704 = EDGE_CURVE('',#697,#595,#705,.T.);
#705 = LINE('',#706,#707);
#706 = CARTESIAN_POINT('',(188.675735,-112.963151,3.2806));
#707 = VECTOR('',#708,1.);
#708 = DIRECTION('',(0.707106781187,0.707106781187,0.));
#709 = PLANE('',#710);
#710 = AXIS2_PLACEMENT_3D('',#711,#712,#713);
#711 = CARTESIAN_POINT('',(0.,0.,3.2806));
#712 = DIRECTION('',(0.,0.,1.));
#713 = DIRECTION('',(1.,0.,-0.));
#714 = SHELL_BASED_SURFACE_MODEL('',(#715));
#715 = OPEN_SHELL('',(#716));
#716 = ADVANCED_FACE('',(#717,#875),#945,.T.);
#717 = FACE_BOUND('',#718,.F.);
#718 = EDGE_LOOP('',(#719,#730,#738,#746,#754,#763,#771,#779,#788,#796,
    #804,#812,#820,#828,#836,#844,#853,#861,#869));
#719 = ORIENTED_EDGE('',*,*,#720,.T.);
#720 = EDGE_CURVE('',#721,#723,#725,.T.);
#721 = VERTEX_POINT('',#722);
#722 = CARTESIAN_POINT('',(189.793492,-112.98932,3.2806));
#723 = VERTEX_POINT('',#724);
#724 = CARTESIAN_POINT('',(190.261568,-112.994686,3.2806));
#725 = CIRCLE('',#726,0.397581403297);
#726 = AXIS2_PLACEMENT_3D('',#727,#728,#729);
#727 = CARTESIAN_POINT('',(190.02384587062,-113.3133694816,3.2806));
#728 = DIRECTION('',(0.,0.,-1.));
#729 = DIRECTION('',(-0.579387940978,0.815051908684,0.));
#730 = ORIENTED_EDGE('',*,*,#731,.T.);
#731 = EDGE_CURVE('',#723,#732,#734,.T.);
#732 = VERTEX_POINT('',#733);
#733 = CARTESIAN_POINT('',(190.325021,-113.060216,3.2806));
#734 = LINE('',#735,#736);
#735 = CARTESIAN_POINT('',(190.261568,-112.994686,3.2806));
#736 = VECTOR('',#737,1.);
#737 = DIRECTION('',(0.695630129574,-0.718400113328,0.));
#738 = ORIENTED_EDGE('',*,*,#739,.T.);
#739 = EDGE_CURVE('',#732,#740,#742,.T.);
#740 = VERTEX_POINT('',#741);
#741 = CARTESIAN_POINT('',(190.383082,-113.180663,3.2806));
#742 = LINE('',#743,#744);
#743 = CARTESIAN_POINT('',(190.325021,-113.060216,3.2806));
#744 = VECTOR('',#745,1.);
#745 = DIRECTION('',(0.434228424707,-0.900802794831,0.));
#746 = ORIENTED_EDGE('',*,*,#747,.T.);
#747 = EDGE_CURVE('',#740,#748,#750,.T.);
#748 = VERTEX_POINT('',#749);
#749 = CARTESIAN_POINT('',(190.382284,-113.594437,3.2806));
#750 = LINE('',#751,#752);
#751 = CARTESIAN_POINT('',(190.383082,-113.180663,3.2806));
#752 = VECTOR('',#753,1.);
#753 = DIRECTION('',(-1.928585449894E-03,-0.999998140277,0.));
#754 = ORIENTED_EDGE('',*,*,#755,.T.);
#755 = EDGE_CURVE('',#748,#756,#758,.T.);
#756 = VERTEX_POINT('',#757);
#757 = CARTESIAN_POINT('',(190.152588,-114.024282,3.2806));
#758 = CIRCLE('',#759,0.610117599579);
#759 = AXIS2_PLACEMENT_3D('',#760,#761,#762);
#760 = CARTESIAN_POINT('',(189.7741126885,-113.5457426349,3.2806));
#761 = DIRECTION('',(0.,0.,-1.));
#762 = DIRECTION('',(0.996809978793,-7.981144140802E-02,0.));
#763 = ORIENTED_EDGE('',*,*,#764,.T.);
#764 = EDGE_CURVE('',#756,#765,#767,.T.);
#765 = VERTEX_POINT('',#766);
#766 = CARTESIAN_POINT('',(190.038441,-114.078378,3.2806));
#767 = LINE('',#768,#769);
#768 = CARTESIAN_POINT('',(190.152588,-114.024282,3.2806));
#769 = VECTOR('',#770,1.);
#770 = DIRECTION('',(-0.903657062662,-0.428256830769,0.));
#771 = ORIENTED_EDGE('',*,*,#772,.T.);
#772 = EDGE_CURVE('',#765,#773,#775,.T.);
#773 = VERTEX_POINT('',#774);
#774 = CARTESIAN_POINT('',(189.818701,-114.078378,3.2806));
#775 = LINE('',#776,#777);
#776 = CARTESIAN_POINT('',(190.038441,-114.078378,3.2806));
#777 = VECTOR('',#778,1.);
#778 = DIRECTION('',(-1.,0.,0.));
#779 = ORIENTED_EDGE('',*,*,#780,.T.);
#780 = EDGE_CURVE('',#773,#781,#783,.T.);
#781 = VERTEX_POINT('',#782);
#782 = CARTESIAN_POINT('',(189.833333,-113.929819,3.2806));
#783 = CIRCLE('',#784,7.500006711464E-02);
#784 = AXIS2_PLACEMENT_3D('',#785,#786,#787);
#785 = CARTESIAN_POINT('',(189.83333293288,-114.0048190671,3.2806));
#786 = DIRECTION('',(0.,0.,-1.));
#787 = DIRECTION('',(-0.195092263891,-0.980784894138,-0.));
#788 = ORIENTED_EDGE('',*,*,#789,.T.);
#789 = EDGE_CURVE('',#781,#790,#792,.T.);
#790 = VERTEX_POINT('',#791);
#791 = CARTESIAN_POINT('',(190.006104,-113.929819,3.2806));
#792 = LINE('',#793,#794);
#793 = CARTESIAN_POINT('',(189.833333,-113.929819,3.2806));
#794 = VECTOR('',#795,1.);
#795 = DIRECTION('',(1.,0.,0.));
#796 = ORIENTED_EDGE('',*,*,#797,.T.);
#797 = EDGE_CURVE('',#790,#798,#800,.T.);
#798 = VERTEX_POINT('',#799);
#799 = CARTESIAN_POINT('',(190.074619,-113.895561,3.2806));
#800 = LINE('',#801,#802);
#801 = CARTESIAN_POINT('',(190.006104,-113.929819,3.2806));
#802 = VECTOR('',#803,1.);
#803 = DIRECTION('',(0.894424580098,0.447218817266,0.));
#804 = ORIENTED_EDGE('',*,*,#805,.T.);
#805 = EDGE_CURVE('',#798,#806,#808,.T.);
#806 = VERTEX_POINT('',#807);
#807 = CARTESIAN_POINT('',(190.108379,-113.8618,3.2806));
#808 = LINE('',#809,#810);
#809 = CARTESIAN_POINT('',(190.074619,-113.895561,3.2806));
#810 = VECTOR('',#811,1.);
#811 = DIRECTION('',(0.707096308711,0.707117253507,0.));
#812 = ORIENTED_EDGE('',*,*,#813,.T.);
#813 = EDGE_CURVE('',#806,#814,#816,.T.);
#814 = VERTEX_POINT('',#815);
#815 = CARTESIAN_POINT('',(190.192294,-113.735929,3.2806));
#816 = LINE('',#817,#818);
#817 = CARTESIAN_POINT('',(190.108379,-113.8618,3.2806));
#818 = VECTOR('',#819,1.);
#819 = DIRECTION('',(0.55470477259,0.83204724341,0.));
#820 = ORIENTED_EDGE('',*,*,#821,.T.);
#821 = EDGE_CURVE('',#814,#822,#824,.T.);
#822 = VERTEX_POINT('',#823);
#823 = CARTESIAN_POINT('',(190.210818,-113.661833,3.2806));
#824 = LINE('',#825,#826);
#825 = CARTESIAN_POINT('',(190.192294,-113.735929,3.2806));
#826 = VECTOR('',#827,1.);
#827 = DIRECTION('',(0.242535625036,0.970142500145,0.));
#828 = ORIENTED_EDGE('',*,*,#829,.T.);
#829 = EDGE_CURVE('',#822,#830,#832,.T.);
#830 = VERTEX_POINT('',#831);
#831 = CARTESIAN_POINT('',(190.133679,-113.697425,3.2806));
#832 = LINE('',#833,#834);
#833 = CARTESIAN_POINT('',(190.210818,-113.661833,3.2806));
#834 = VECTOR('',#835,1.);
#835 = DIRECTION('',(-0.90800692221,-0.418955163734,0.));
#836 = ORIENTED_EDGE('',*,*,#837,.T.);
#837 = EDGE_CURVE('',#830,#838,#840,.T.);
#838 = VERTEX_POINT('',#839);
#839 = CARTESIAN_POINT('',(189.908761,-113.696203,3.2806));
#840 = LINE('',#841,#842);
#841 = CARTESIAN_POINT('',(190.133679,-113.697425,3.2806));
#842 = VECTOR('',#843,1.);
#843 = DIRECTION('',(-0.999985241087,5.433010984477E-03,0.));
#844 = ORIENTED_EDGE('',*,*,#845,.T.);
#845 = EDGE_CURVE('',#838,#846,#848,.T.);
#846 = VERTEX_POINT('',#847);
#847 = CARTESIAN_POINT('',(189.664536,-113.448022,3.2806));
#848 = CIRCLE('',#849,0.348628078749);
#849 = AXIS2_PLACEMENT_3D('',#850,#851,#852);
#850 = CARTESIAN_POINT('',(190.0019360302,-113.3602566485,3.2806));
#851 = DIRECTION('',(0.,0.,-1.));
#852 = DIRECTION('',(-0.26726197883,-0.963623907275,-0.));
#853 = ORIENTED_EDGE('',*,*,#854,.T.);
#854 = EDGE_CURVE('',#846,#855,#857,.T.);
#855 = VERTEX_POINT('',#856);
#856 = CARTESIAN_POINT('',(189.665758,-113.175486,3.2806));
#857 = LINE('',#858,#859);
#858 = CARTESIAN_POINT('',(189.664536,-113.448022,3.2806));
#859 = VECTOR('',#860,1.);
#860 = DIRECTION('',(4.483766241192E-03,0.99998994787,0.));
#861 = ORIENTED_EDGE('',*,*,#862,.T.);
#862 = EDGE_CURVE('',#855,#863,#865,.T.);
#863 = VERTEX_POINT('',#864);
#864 = CARTESIAN_POINT('',(189.727962,-113.052773,3.2806));
#865 = LINE('',#866,#867);
#866 = CARTESIAN_POINT('',(189.665758,-113.175486,3.2806));
#867 = VECTOR('',#868,1.);
#868 = DIRECTION('',(0.452134906199,0.891949565052,0.));
#869 = ORIENTED_EDGE('',*,*,#870,.T.);
#870 = EDGE_CURVE('',#863,#721,#871,.T.);
#871 = LINE('',#872,#873);
#872 = CARTESIAN_POINT('',(189.727962,-113.052773,3.2806));
#873 = VECTOR('',#874,1.);
#874 = DIRECTION('',(0.718400113328,0.695630129574,0.));
#875 = FACE_BOUND('',#876,.F.);
#876 = EDGE_LOOP('',(#877,#888,#896,#905,#913,#922,#930,#939));
#877 = ORIENTED_EDGE('',*,*,#878,.T.);
#878 = EDGE_CURVE('',#879,#881,#883,.T.);
#879 = VERTEX_POINT('',#880);
#880 = CARTESIAN_POINT('',(190.169858,-113.114077,3.2806));
#881 = VERTEX_POINT('',#882);
#882 = CARTESIAN_POINT('',(189.87776,-113.114077,3.2806));
#883 = CIRCLE('',#884,0.252889603602);
#884 = AXIS2_PLACEMENT_3D('',#885,#886,#887);
#885 = CARTESIAN_POINT('',(190.023809,-113.32053,3.2806));
#886 = DIRECTION('',(0.,0.,1.));
#887 = DIRECTION('',(0.577520775547,0.816375988018,-0.));
#888 = ORIENTED_EDGE('',*,*,#889,.T.);
#889 = EDGE_CURVE('',#881,#890,#892,.T.);
#890 = VERTEX_POINT('',#891);
#891 = CARTESIAN_POINT('',(189.847353,-113.144484,3.2806));
#892 = LINE('',#893,#894);
#893 = CARTESIAN_POINT('',(189.87776,-113.114077,3.2806));
#894 = VECTOR('',#895,1.);
#895 = DIRECTION('',(-0.707106781186,-0.707106781187,0.));
#896 = ORIENTED_EDGE('',*,*,#897,.T.);
#897 = EDGE_CURVE('',#890,#898,#900,.T.);
#898 = VERTEX_POINT('',#899);
#899 = CARTESIAN_POINT('',(189.847353,-113.484201,3.2806));
#900 = CIRCLE('',#901,0.305621483548);
#901 = AXIS2_PLACEMENT_3D('',#902,#903,#904);
#902 = CARTESIAN_POINT('',(190.101425,-113.3143425,3.2806));
#903 = DIRECTION('',(0.,0.,1.));
#904 = DIRECTION('',(-0.831328992485,0.555780627814,0.));
#905 = ORIENTED_EDGE('',*,*,#906,.T.);
#906 = EDGE_CURVE('',#898,#907,#909,.T.);
#907 = VERTEX_POINT('',#908);
#908 = CARTESIAN_POINT('',(189.87776,-113.514608,3.2806));
#909 = LINE('',#910,#911);
#910 = CARTESIAN_POINT('',(189.847353,-113.484201,3.2806));
#911 = VECTOR('',#912,1.);
#912 = DIRECTION('',(0.707106781187,-0.707106781187,0.));
#913 = ORIENTED_EDGE('',*,*,#914,.T.);
#914 = EDGE_CURVE('',#907,#915,#917,.T.);
#915 = VERTEX_POINT('',#916);
#916 = CARTESIAN_POINT('',(190.169858,-113.514608,3.2806));
#917 = CIRCLE('',#918,0.252889603602);
#918 = AXIS2_PLACEMENT_3D('',#919,#920,#921);
#919 = CARTESIAN_POINT('',(190.023809,-113.308155,3.2806));
#920 = DIRECTION('',(0.,0.,1.));
#921 = DIRECTION('',(-0.577520775547,-0.816375988018,0.));
#922 = ORIENTED_EDGE('',*,*,#923,.T.);
#923 = EDGE_CURVE('',#915,#924,#926,.T.);
#924 = VERTEX_POINT('',#925);
#925 = CARTESIAN_POINT('',(190.200265,-113.484201,3.2806));
#926 = LINE('',#927,#928);
#927 = CARTESIAN_POINT('',(190.169858,-113.514608,3.2806));
#928 = VECTOR('',#929,1.);
#929 = DIRECTION('',(0.707106781187,0.707106781187,0.));
#930 = ORIENTED_EDGE('',*,*,#931,.T.);
#931 = EDGE_CURVE('',#924,#932,#934,.T.);
#932 = VERTEX_POINT('',#933);
#933 = CARTESIAN_POINT('',(190.200265,-113.144484,3.2806));
#934 = CIRCLE('',#935,0.305621483548);
#935 = AXIS2_PLACEMENT_3D('',#936,#937,#938);
#936 = CARTESIAN_POINT('',(189.946193,-113.3143425,3.2806));
#937 = DIRECTION('',(0.,-0.,1.));
#938 = DIRECTION('',(0.831328992485,-0.555780627814,-0.));
#939 = ORIENTED_EDGE('',*,*,#940,.T.);
#940 = EDGE_CURVE('',#932,#879,#941,.T.);
#941 = LINE('',#942,#943);
#942 = CARTESIAN_POINT('',(190.200265,-113.144484,3.2806));
#943 = VECTOR('',#944,1.);
#944 = DIRECTION('',(-0.707106781186,0.707106781187,0.));
#945 = PLANE('',#946);
#946 = AXIS2_PLACEMENT_3D('',#947,#948,#949);
#947 = CARTESIAN_POINT('',(0.,0.,3.2806));
#948 = DIRECTION('',(0.,0.,1.));
#949 = DIRECTION('',(1.,0.,-0.));
#950 = SHELL_BASED_SURFACE_MODEL('',(#951));
#951 = OPEN_SHELL('',(#952));
#952 = ADVANCED_FACE('',(#953),#1022,.T.);
#953 = FACE_BOUND('',#954,.F.);
#954 = EDGE_LOOP('',(#955,#966,#974,#982,#991,#999,#1008,#1016));
#955 = ORIENTED_EDGE('',*,*,#956,.T.);
#956 = EDGE_CURVE('',#957,#959,#961,.T.);
#957 = VERTEX_POINT('',#958);
#958 = CARTESIAN_POINT('',(140.359567,-100.977039,3.2806));
#959 = VERTEX_POINT('',#960);
#960 = CARTESIAN_POINT('',(140.475,-101.,3.2806));
#961 = CIRCLE('',#962,6.000007318647E-02);
#962 = AXIS2_PLACEMENT_3D('',#963,#964,#965);
#963 = CARTESIAN_POINT('',(140.41499992681,-100.9999998233,3.2806));
#964 = DIRECTION('',(0.,0.,-1.));
#965 = DIRECTION('',(-0.923880986637,0.382679921777,0.));
#966 = ORIENTED_EDGE('',*,*,#967,.T.);
#967 = EDGE_CURVE('',#959,#968,#970,.T.);
#968 = VERTEX_POINT('',#969);
#969 = CARTESIAN_POINT('',(140.475,-102.32,3.2806));
#970 = LINE('',#971,#972);
#971 = CARTESIAN_POINT('',(140.475,-101.,3.2806));
#972 = VECTOR('',#973,1.);
#973 = DIRECTION('',(0.,-1.,0.));
#974 = ORIENTED_EDGE('',*,*,#975,.T.);
#975 = EDGE_CURVE('',#968,#976,#978,.T.);
#976 = VERTEX_POINT('',#977);
#977 = CARTESIAN_POINT('',(141.795,-102.32,3.2806));
#978 = LINE('',#979,#980);
#979 = CARTESIAN_POINT('',(140.475,-102.32,3.2806));
#980 = VECTOR('',#981,1.);
#981 = DIRECTION('',(1.,0.,0.));
#982 = ORIENTED_EDGE('',*,*,#983,.T.);
#983 = EDGE_CURVE('',#976,#984,#986,.T.);
#984 = VERTEX_POINT('',#985);
#985 = CARTESIAN_POINT('',(141.795,-102.44,3.2806));
#986 = CIRCLE('',#987,6.000000000042E-02);
#987 = AXIS2_PLACEMENT_3D('',#988,#989,#990);
#988 = CARTESIAN_POINT('',(141.79500022558,-102.38,3.2806));
#989 = DIRECTION('',(0.,0.,-1.));
#990 = DIRECTION('',(-3.759794727379E-06,0.999999999993,-0.));
#991 = ORIENTED_EDGE('',*,*,#992,.T.);
#992 = EDGE_CURVE('',#984,#993,#995,.T.);
#993 = VERTEX_POINT('',#994);
#994 = CARTESIAN_POINT('',(140.415,-102.44,3.2806));
#995 = LINE('',#996,#997);
#996 = CARTESIAN_POINT('',(141.795,-102.44,3.2806));
#997 = VECTOR('',#998,1.);
#998 = DIRECTION('',(-1.,0.,0.));
#999 = ORIENTED_EDGE('',*,*,#1000,.T.);
#1000 = EDGE_CURVE('',#993,#1001,#1003,.T.);
#1001 = VERTEX_POINT('',#1002);
#1002 = CARTESIAN_POINT('',(140.355,-102.38,3.2806));
#1003 = CIRCLE('',#1004,5.999932016263E-02);
#1004 = AXIS2_PLACEMENT_3D('',#1005,#1006,#1007);
#1005 = CARTESIAN_POINT('',(140.41499932015,-102.3800006798,3.2806));
#1006 = DIRECTION('',(0.,0.,-1.));
#1007 = DIRECTION('',(1.133081564772E-05,-0.999999999936,0.));
#1008 = ORIENTED_EDGE('',*,*,#1009,.T.);
#1009 = EDGE_CURVE('',#1001,#1010,#1012,.T.);
#1010 = VERTEX_POINT('',#1011);
#1011 = CARTESIAN_POINT('',(140.355,-101.,3.2806));
#1012 = LINE('',#1013,#1014);
#1013 = CARTESIAN_POINT('',(140.355,-102.38,3.2806));
#1014 = VECTOR('',#1015,1.);
#1015 = DIRECTION('',(0.,1.,0.));
#1016 = ORIENTED_EDGE('',*,*,#1017,.T.);
#1017 = EDGE_CURVE('',#1010,#957,#1018,.T.);
#1018 = LINE('',#1019,#1020);
#1019 = CARTESIAN_POINT('',(140.355,-101.,3.2806));
#1020 = VECTOR('',#1021,1.);
#1021 = DIRECTION('',(0.195081000118,0.980787134598,0.));
#1022 = PLANE('',#1023);
#1023 = AXIS2_PLACEMENT_3D('',#1024,#1025,#1026);
#1024 = CARTESIAN_POINT('',(0.,0.,3.2806));
#1025 = DIRECTION('',(0.,0.,1.));
#1026 = DIRECTION('',(1.,0.,-0.));
#1027 = SHELL_BASED_SURFACE_MODEL('',(#1028));
#1028 = OPEN_SHELL('',(#1029));
#1029 = ADVANCED_FACE('',(#1030,#1100),#1134,.T.);
#1030 = FACE_BOUND('',#1031,.F.);
#1031 = EDGE_LOOP('',(#1032,#1043,#1051,#1060,#1068,#1077,#1085,#1094));
#1032 = ORIENTED_EDGE('',*,*,#1033,.T.);
#1033 = EDGE_CURVE('',#1034,#1036,#1038,.T.);
#1034 = VERTEX_POINT('',#1035);
#1035 = CARTESIAN_POINT('',(143.005,-99.62,3.2806));
#1036 = VERTEX_POINT('',#1037);
#1037 = CARTESIAN_POINT('',(143.065,-99.56,3.2806));
#1038 = CIRCLE('',#1039,5.999932016262E-02);
#1039 = AXIS2_PLACEMENT_3D('',#1040,#1041,#1042);
#1040 = CARTESIAN_POINT('',(143.06499932015,-99.61999932015,3.2806));
#1041 = DIRECTION('',(0.,0.,-1.));
#1042 = DIRECTION('',(-0.999999999936,-1.133081564772E-05,-0.));
#1043 = ORIENTED_EDGE('',*,*,#1044,.T.);
#1044 = EDGE_CURVE('',#1036,#1045,#1047,.T.);
#1045 = VERTEX_POINT('',#1046);
#1046 = CARTESIAN_POINT('',(153.335,-99.56,3.2806));
#1047 = LINE('',#1048,#1049);
#1048 = CARTESIAN_POINT('',(143.065,-99.56,3.2806));
#1049 = VECTOR('',#1050,1.);
#1050 = DIRECTION('',(1.,0.,0.));
#1051 = ORIENTED_EDGE('',*,*,#1052,.T.);
#1052 = EDGE_CURVE('',#1045,#1053,#1055,.T.);
#1053 = VERTEX_POINT('',#1054);
#1054 = CARTESIAN_POINT('',(153.395,-99.62,3.2806));
#1055 = CIRCLE('',#1056,5.999932016263E-02);
#1056 = AXIS2_PLACEMENT_3D('',#1057,#1058,#1059);
#1057 = CARTESIAN_POINT('',(153.33500067984,-99.61999932015,3.2806));
#1058 = DIRECTION('',(0.,0.,-1.));
#1059 = DIRECTION('',(-1.133081564772E-05,0.999999999936,0.));
#1060 = ORIENTED_EDGE('',*,*,#1061,.T.);
#1061 = EDGE_CURVE('',#1053,#1062,#1064,.T.);
#1062 = VERTEX_POINT('',#1063);
#1063 = CARTESIAN_POINT('',(153.395,-102.38,3.2806));
#1064 = LINE('',#1065,#1066);
#1065 = CARTESIAN_POINT('',(153.395,-99.62,3.2806));
#1066 = VECTOR('',#1067,1.);
#1067 = DIRECTION('',(0.,-1.,0.));
#1068 = ORIENTED_EDGE('',*,*,#1069,.T.);
#1069 = EDGE_CURVE('',#1062,#1070,#1072,.T.);
#1070 = VERTEX_POINT('',#1071);
#1071 = CARTESIAN_POINT('',(153.335,-102.44,3.2806));
#1072 = CIRCLE('',#1073,5.999932016262E-02);
#1073 = AXIS2_PLACEMENT_3D('',#1074,#1075,#1076);
#1074 = CARTESIAN_POINT('',(153.33500067984,-102.3800006798,3.2806));
#1075 = DIRECTION('',(0.,0.,-1.));
#1076 = DIRECTION('',(0.999999999936,1.133081564772E-05,0.));
#1077 = ORIENTED_EDGE('',*,*,#1078,.T.);
#1078 = EDGE_CURVE('',#1070,#1079,#1081,.T.);
#1079 = VERTEX_POINT('',#1080);
#1080 = CARTESIAN_POINT('',(143.065,-102.44,3.2806));
#1081 = LINE('',#1082,#1083);
#1082 = CARTESIAN_POINT('',(153.335,-102.44,3.2806));
#1083 = VECTOR('',#1084,1.);
#1084 = DIRECTION('',(-1.,0.,0.));
#1085 = ORIENTED_EDGE('',*,*,#1086,.T.);
#1086 = EDGE_CURVE('',#1079,#1087,#1089,.T.);
#1087 = VERTEX_POINT('',#1088);
#1088 = CARTESIAN_POINT('',(143.005,-102.38,3.2806));
#1089 = CIRCLE('',#1090,5.999932016257E-02);
#1090 = AXIS2_PLACEMENT_3D('',#1091,#1092,#1093);
#1091 = CARTESIAN_POINT('',(143.06499932015,-102.3800006798,3.2806));
#1092 = DIRECTION('',(0.,0.,-1.));
#1093 = DIRECTION('',(1.133081659513E-05,-0.999999999936,0.));
#1094 = ORIENTED_EDGE('',*,*,#1095,.T.);
#1095 = EDGE_CURVE('',#1087,#1034,#1096,.T.);
#1096 = LINE('',#1097,#1098);
#1097 = CARTESIAN_POINT('',(143.005,-102.38,3.2806));
#1098 = VECTOR('',#1099,1.);
#1099 = DIRECTION('',(0.,1.,0.));
#1100 = FACE_BOUND('',#1101,.F.);
#1101 = EDGE_LOOP('',(#1102,#1112,#1120,#1128));
#1102 = ORIENTED_EDGE('',*,*,#1103,.T.);
#1103 = EDGE_CURVE('',#1104,#1106,#1108,.T.);
#1104 = VERTEX_POINT('',#1105);
#1105 = CARTESIAN_POINT('',(153.275,-102.32,3.2806));
#1106 = VERTEX_POINT('',#1107);
#1107 = CARTESIAN_POINT('',(153.275,-99.68,3.2806));
#1108 = LINE('',#1109,#1110);
#1109 = CARTESIAN_POINT('',(153.275,-102.32,3.2806));
#1110 = VECTOR('',#1111,1.);
#1111 = DIRECTION('',(0.,1.,0.));
#1112 = ORIENTED_EDGE('',*,*,#1113,.T.);
#1113 = EDGE_CURVE('',#1106,#1114,#1116,.T.);
#1114 = VERTEX_POINT('',#1115);
#1115 = CARTESIAN_POINT('',(143.125,-99.68,3.2806));
#1116 = LINE('',#1117,#1118);
#1117 = CARTESIAN_POINT('',(153.275,-99.68,3.2806));
#1118 = VECTOR('',#1119,1.);
#1119 = DIRECTION('',(-1.,0.,0.));
#1120 = ORIENTED_EDGE('',*,*,#1121,.T.);
#1121 = EDGE_CURVE('',#1114,#1122,#1124,.T.);
#1122 = VERTEX_POINT('',#1123);
#1123 = CARTESIAN_POINT('',(143.125,-102.32,3.2806));
#1124 = LINE('',#1125,#1126);
#1125 = CARTESIAN_POINT('',(143.125,-99.68,3.2806));
#1126 = VECTOR('',#1127,1.);
#1127 = DIRECTION('',(0.,-1.,0.));
#1128 = ORIENTED_EDGE('',*,*,#1129,.T.);
#1129 = EDGE_CURVE('',#1122,#1104,#1130,.T.);
#1130 = LINE('',#1131,#1132);
#1131 = CARTESIAN_POINT('',(143.125,-102.32,3.2806));
#1132 = VECTOR('',#1133,1.);
#1133 = DIRECTION('',(1.,0.,0.));
#1134 = PLANE('',#1135);
#1135 = AXIS2_PLACEMENT_3D('',#1136,#1137,#1138);
#1136 = CARTESIAN_POINT('',(0.,0.,3.2806));
#1137 = DIRECTION('',(0.,0.,1.));
#1138 = DIRECTION('',(1.,0.,-0.));
#1139 = SHELL_BASED_SURFACE_MODEL('',(#1140));
#1140 = OPEN_SHELL('',(#1141));
#1141 = ADVANCED_FACE('',(#1142),#1212,.T.);
#1142 = FACE_BOUND('',#1143,.F.);
#1143 = EDGE_LOOP('',(#1144,#1155,#1163,#1172,#1180,#1189,#1197,#1206));
#1144 = ORIENTED_EDGE('',*,*,#1145,.T.);
#1145 = EDGE_CURVE('',#1146,#1148,#1150,.T.);
#1146 = VERTEX_POINT('',#1147);
#1147 = CARTESIAN_POINT('',(138.855187,-101.406892,3.2806));
#1148 = VERTEX_POINT('',#1149);
#1149 = CARTESIAN_POINT('',(138.869819,-101.258333,3.2806));
#1150 = CIRCLE('',#1151,7.500006711464E-02);
#1151 = AXIS2_PLACEMENT_3D('',#1152,#1153,#1154);
#1152 = CARTESIAN_POINT('',(138.86981893288,-101.3333330671,3.2806));
#1153 = DIRECTION('',(0.,0.,-1.));
#1154 = DIRECTION('',(-0.195092263891,-0.980784894138,-0.));
#1155 = ORIENTED_EDGE('',*,*,#1156,.T.);
#1156 = EDGE_CURVE('',#1148,#1157,#1159,.T.);
#1157 = VERTEX_POINT('',#1158);
#1158 = CARTESIAN_POINT('',(139.591509,-101.259062,3.2806));
#1159 = LINE('',#1160,#1161);
#1160 = CARTESIAN_POINT('',(138.869819,-101.258333,3.2806));
#1161 = VECTOR('',#1162,1.);
#1162 = DIRECTION('',(0.99999948982,-1.010128487419E-03,0.));
#1163 = ORIENTED_EDGE('',*,*,#1164,.T.);
#1164 = EDGE_CURVE('',#1157,#1165,#1167,.T.);
#1165 = VERTEX_POINT('',#1166);
#1166 = CARTESIAN_POINT('',(139.944089,-101.61164,3.2806));
#1167 = CIRCLE('',#1168,0.383787726409);
#1168 = AXIS2_PLACEMENT_3D('',#1169,#1170,#1171);
#1169 = CARTESIAN_POINT('',(139.56147818139,-101.6416729889,3.2806));
#1170 = DIRECTION('',(0.,0.,-1.));
#1171 = DIRECTION('',(7.824851224108E-02,0.996933884634,0.));
#1172 = ORIENTED_EDGE('',*,*,#1173,.T.);
#1173 = EDGE_CURVE('',#1165,#1174,#1176,.T.);
#1174 = VERTEX_POINT('',#1175);
#1175 = CARTESIAN_POINT('',(139.943378,-101.728917,3.2806));
#1176 = LINE('',#1177,#1178);
#1177 = CARTESIAN_POINT('',(139.944089,-101.61164,3.2806));
#1178 = VECTOR('',#1179,1.);
#1179 = DIRECTION('',(-6.062458402253E-03,-0.99998162313,0.));
#1180 = ORIENTED_EDGE('',*,*,#1181,.T.);
#1181 = EDGE_CURVE('',#1174,#1182,#1184,.T.);
#1182 = VERTEX_POINT('',#1183);
#1183 = CARTESIAN_POINT('',(139.794819,-101.714285,3.2806));
#1184 = CIRCLE('',#1185,7.500006711464E-02);
#1185 = AXIS2_PLACEMENT_3D('',#1186,#1187,#1188);
#1186 = CARTESIAN_POINT('',(139.86981906711,-101.7142850671,3.2806));
#1187 = DIRECTION('',(-0.,0.,-1.));
#1188 = DIRECTION('',(0.980784894138,-0.195092263891,-0.));
#1189 = ORIENTED_EDGE('',*,*,#1190,.T.);
#1190 = EDGE_CURVE('',#1182,#1191,#1193,.T.);
#1191 = VERTEX_POINT('',#1192);
#1192 = CARTESIAN_POINT('',(139.794819,-101.631217,3.2806));
#1193 = LINE('',#1194,#1195);
#1194 = CARTESIAN_POINT('',(139.794819,-101.714285,3.2806));
#1195 = VECTOR('',#1196,1.);
#1196 = DIRECTION('',(0.,1.,0.));
#1197 = ORIENTED_EDGE('',*,*,#1198,.T.);
#1198 = EDGE_CURVE('',#1191,#1199,#1201,.T.);
#1199 = VERTEX_POINT('',#1200);
#1200 = CARTESIAN_POINT('',(139.571934,-101.408333,3.2806));
#1201 = CIRCLE('',#1202,0.239434552369);
#1202 = AXIS2_PLACEMENT_3D('',#1203,#1204,#1205);
#1203 = CARTESIAN_POINT('',(139.55592060777,-101.647231464,3.2806));
#1204 = DIRECTION('',(0.,0.,1.));
#1205 = DIRECTION('',(0.997760723601,6.688451569412E-02,-0.));
#1206 = ORIENTED_EDGE('',*,*,#1207,.T.);
#1207 = EDGE_CURVE('',#1199,#1146,#1208,.T.);
#1208 = LINE('',#1209,#1210);
#1209 = CARTESIAN_POINT('',(139.571934,-101.408333,3.2806));
#1210 = VECTOR('',#1211,1.);
#1211 = DIRECTION('',(-0.999997979007,2.010468251347E-03,0.));
#1212 = PLANE('',#1213);
#1213 = AXIS2_PLACEMENT_3D('',#1214,#1215,#1216);
#1214 = CARTESIAN_POINT('',(0.,0.,3.2806));
#1215 = DIRECTION('',(0.,0.,1.));
#1216 = DIRECTION('',(1.,0.,-0.));
#1217 = SHELL_BASED_SURFACE_MODEL('',(#1218));
#1218 = OPEN_SHELL('',(#1219));
#1219 = ADVANCED_FACE('',(#1220),#1354,.T.);
#1220 = FACE_BOUND('',#1221,.F.);
#1221 = EDGE_LOOP('',(#1222,#1233,#1241,#1250,#1258,#1266,#1274,#1282,
    #1291,#1299,#1307,#1315,#1324,#1332,#1340,#1348));
#1222 = ORIENTED_EDGE('',*,*,#1223,.T.);
#1223 = EDGE_CURVE('',#1224,#1226,#1228,.T.);
#1224 = VERTEX_POINT('',#1225);
#1225 = CARTESIAN_POINT('',(139.828151,-100.270973,3.2806));
#1226 = VERTEX_POINT('',#1227);
#1227 = CARTESIAN_POINT('',(139.944819,-100.333333,3.2806));
#1228 = CIRCLE('',#1229,7.500000000003E-02);
#1229 = AXIS2_PLACEMENT_3D('',#1230,#1231,#1232);
#1230 = CARTESIAN_POINT('',(139.869819,-100.3333330655,3.2806));
#1231 = DIRECTION('',(0.,0.,-1.));
#1232 = DIRECTION('',(-0.555573333333,0.831467540731,0.));
#1233 = ORIENTED_EDGE('',*,*,#1234,.T.);
#1234 = EDGE_CURVE('',#1226,#1235,#1237,.T.);
#1235 = VERTEX_POINT('',#1236);
#1236 = CARTESIAN_POINT('',(139.943378,-100.919393,3.2806));
#1237 = LINE('',#1238,#1239);
#1238 = CARTESIAN_POINT('',(139.944819,-100.333333,3.2806));
#1239 = VECTOR('',#1240,1.);
#1240 = DIRECTION('',(-2.45878518261E-03,-0.999996977183,0.));
#1241 = ORIENTED_EDGE('',*,*,#1242,.T.);
#1242 = EDGE_CURVE('',#1235,#1243,#1245,.T.);
#1243 = VERTEX_POINT('',#1244);
#1244 = CARTESIAN_POINT('',(139.794819,-100.904761,3.2806));
#1245 = CIRCLE('',#1246,7.500006711464E-02);
#1246 = AXIS2_PLACEMENT_3D('',#1247,#1248,#1249);
#1247 = CARTESIAN_POINT('',(139.86981906711,-100.9047610671,3.2806));
#1248 = DIRECTION('',(-0.,0.,-1.));
#1249 = DIRECTION('',(0.980784894138,-0.195092263891,-0.));
#1250 = ORIENTED_EDGE('',*,*,#1251,.T.);
#1251 = EDGE_CURVE('',#1243,#1252,#1254,.T.);
#1252 = VERTEX_POINT('',#1253);
#1253 = CARTESIAN_POINT('',(139.794819,-100.694047,3.2806));
#1254 = LINE('',#1255,#1256);
#1255 = CARTESIAN_POINT('',(139.794819,-100.904761,3.2806));
#1256 = VECTOR('',#1257,1.);
#1257 = DIRECTION('',(0.,1.,0.));
#1258 = ORIENTED_EDGE('',*,*,#1259,.T.);
#1259 = EDGE_CURVE('',#1252,#1260,#1262,.T.);
#1260 = VERTEX_POINT('',#1261);
#1261 = CARTESIAN_POINT('',(139.098504,-100.694047,3.2806));
#1262 = LINE('',#1263,#1264);
#1263 = CARTESIAN_POINT('',(139.794819,-100.694047,3.2806));
#1264 = VECTOR('',#1265,1.);
#1265 = DIRECTION('',(-1.,0.,0.));
#1266 = ORIENTED_EDGE('',*,*,#1267,.T.);
#1267 = EDGE_CURVE('',#1260,#1268,#1270,.T.);
#1268 = VERTEX_POINT('',#1269);
#1269 = CARTESIAN_POINT('',(139.171033,-100.769687,3.2806));
#1270 = LINE('',#1271,#1272);
#1271 = CARTESIAN_POINT('',(139.098504,-100.694047,3.2806));
#1272 = VECTOR('',#1273,1.);
#1273 = DIRECTION('',(0.692107619701,-0.72179432164,0.));
#1274 = ORIENTED_EDGE('',*,*,#1275,.T.);
#1275 = EDGE_CURVE('',#1268,#1276,#1278,.T.);
#1276 = VERTEX_POINT('',#1277);
#1277 = CARTESIAN_POINT('',(139.22787,-100.884951,3.2806));
#1278 = LINE('',#1279,#1280);
#1279 = CARTESIAN_POINT('',(139.171033,-100.769687,3.2806));
#1280 = VECTOR('',#1281,1.);
#1281 = DIRECTION('',(0.442257930733,-0.896887909777,0.));
#1282 = ORIENTED_EDGE('',*,*,#1283,.T.);
#1283 = EDGE_CURVE('',#1276,#1284,#1286,.T.);
#1284 = VERTEX_POINT('',#1285);
#1285 = CARTESIAN_POINT('',(139.088451,-100.938302,3.2806));
#1286 = CIRCLE('',#1287,7.500029440469E-02);
#1287 = AXIS2_PLACEMENT_3D('',#1288,#1289,#1290);
#1288 = CARTESIAN_POINT('',(139.15553305397,-100.9047603513,3.2806));
#1289 = DIRECTION('',(0.,0.,-1.));
#1290 = DIRECTION('',(0.964488827732,0.264123647521,0.));
#1291 = ORIENTED_EDGE('',*,*,#1292,.T.);
#1292 = EDGE_CURVE('',#1284,#1293,#1295,.T.);
#1293 = VERTEX_POINT('',#1294);
#1294 = CARTESIAN_POINT('',(139.046275,-100.85395,3.2806));
#1295 = LINE('',#1296,#1297);
#1296 = CARTESIAN_POINT('',(139.088451,-100.938302,3.2806));
#1297 = VECTOR('',#1298,1.);
#1298 = DIRECTION('',(-0.4472135955,0.894427191,0.));
#1299 = ORIENTED_EDGE('',*,*,#1300,.T.);
#1300 = EDGE_CURVE('',#1293,#1301,#1303,.T.);
#1301 = VERTEX_POINT('',#1302);
#1302 = CARTESIAN_POINT('',(138.964894,-100.772569,3.2806));
#1303 = LINE('',#1304,#1305);
#1304 = CARTESIAN_POINT('',(139.046275,-100.85395,3.2806));
#1305 = VECTOR('',#1306,1.);
#1306 = DIRECTION('',(-0.707106781187,0.707106781186,0.));
#1307 = ORIENTED_EDGE('',*,*,#1308,.T.);
#1308 = EDGE_CURVE('',#1301,#1309,#1311,.T.);
#1309 = VERTEX_POINT('',#1310);
#1310 = CARTESIAN_POINT('',(138.816841,-100.672135,3.2806));
#1311 = LINE('',#1312,#1313);
#1312 = CARTESIAN_POINT('',(138.964894,-100.772569,3.2806));
#1313 = VECTOR('',#1314,1.);
#1314 = DIRECTION('',(-0.827555069925,0.561384544,0.));
#1315 = ORIENTED_EDGE('',*,*,#1316,.T.);
#1316 = EDGE_CURVE('',#1309,#1317,#1319,.T.);
#1317 = VERTEX_POINT('',#1318);
#1318 = CARTESIAN_POINT('',(138.869819,-100.544047,3.2806));
#1319 = CIRCLE('',#1320,7.499993751707E-02);
#1320 = AXIS2_PLACEMENT_3D('',#1321,#1322,#1323);
#1321 = CARTESIAN_POINT('',(138.86981880902,-100.6190469375,3.2806));
#1322 = DIRECTION('',(0.,0.,-1.));
#1323 = DIRECTION('',(-0.706371375515,-0.707841422815,-0.));
#1324 = ORIENTED_EDGE('',*,*,#1325,.T.);
#1325 = EDGE_CURVE('',#1317,#1326,#1328,.T.);
#1326 = VERTEX_POINT('',#1327);
#1327 = CARTESIAN_POINT('',(139.794819,-100.544047,3.2806));
#1328 = LINE('',#1329,#1330);
#1329 = CARTESIAN_POINT('',(138.869819,-100.544047,3.2806));
#1330 = VECTOR('',#1331,1.);
#1331 = DIRECTION('',(1.,0.,0.));
#1332 = ORIENTED_EDGE('',*,*,#1333,.T.);
#1333 = EDGE_CURVE('',#1326,#1334,#1336,.T.);
#1334 = VERTEX_POINT('',#1335);
#1335 = CARTESIAN_POINT('',(139.79626,-100.318701,3.2806));
#1336 = LINE('',#1337,#1338);
#1337 = CARTESIAN_POINT('',(139.794819,-100.544047,3.2806));
#1338 = VECTOR('',#1339,1.);
#1339 = DIRECTION('',(6.394480216655E-03,0.999979555102,0.));
#1340 = ORIENTED_EDGE('',*,*,#1341,.T.);
#1341 = EDGE_CURVE('',#1334,#1342,#1344,.T.);
#1342 = VERTEX_POINT('',#1343);
#1343 = CARTESIAN_POINT('',(139.807459,-100.291665,3.2806));
#1344 = LINE('',#1345,#1346);
#1345 = CARTESIAN_POINT('',(139.79626,-100.318701,3.2806));
#1346 = VECTOR('',#1347,1.);
#1347 = DIRECTION('',(0.38269282806,0.923875640631,0.));
#1348 = ORIENTED_EDGE('',*,*,#1349,.T.);
#1349 = EDGE_CURVE('',#1342,#1224,#1350,.T.);
#1350 = LINE('',#1351,#1352);
#1351 = CARTESIAN_POINT('',(139.807459,-100.291665,3.2806));
#1352 = VECTOR('',#1353,1.);
#1353 = DIRECTION('',(0.707106781187,0.707106781187,0.));
#1354 = PLANE('',#1355);
#1355 = AXIS2_PLACEMENT_3D('',#1356,#1357,#1358);
#1356 = CARTESIAN_POINT('',(0.,0.,3.2806));
#1357 = DIRECTION('',(0.,0.,1.));
#1358 = DIRECTION('',(1.,0.,-0.));
#1359 = SHELL_BASED_SURFACE_MODEL('',(#1360));
#1360 = OPEN_SHELL('',(#1361));
#1361 = ADVANCED_FACE('',(#1362,#1373),#1384,.T.);
#1362 = FACE_BOUND('',#1363,.T.);
#1363 = EDGE_LOOP('',(#1364));
#1364 = ORIENTED_EDGE('',*,*,#1365,.T.);
#1365 = EDGE_CURVE('',#1366,#1366,#1368,.T.);
#1366 = VERTEX_POINT('',#1367);
#1367 = CARTESIAN_POINT('',(134.574999,-87.5,3.2806));
#1368 = CIRCLE('',#1369,3.574999);
#1369 = AXIS2_PLACEMENT_3D('',#1370,#1371,#1372);
#1370 = CARTESIAN_POINT('',(131.,-87.5,3.2806));
#1371 = DIRECTION('',(0.,0.,1.));
#1372 = DIRECTION('',(1.,0.,-0.));
#1373 = FACE_BOUND('',#1374,.F.);
#1374 = EDGE_LOOP('',(#1375));
#1375 = ORIENTED_EDGE('',*,*,#1376,.T.);
#1376 = EDGE_CURVE('',#1377,#1377,#1379,.T.);
#1377 = VERTEX_POINT('',#1378);
#1378 = CARTESIAN_POINT('',(134.429131,-87.5,3.2806));
#1379 = CIRCLE('',#1380,3.429131);
#1380 = AXIS2_PLACEMENT_3D('',#1381,#1382,#1383);
#1381 = CARTESIAN_POINT('',(131.,-87.5,3.2806));
#1382 = DIRECTION('',(0.,0.,1.));
#1383 = DIRECTION('',(1.,0.,-0.));
#1384 = PLANE('',#1385);
#1385 = AXIS2_PLACEMENT_3D('',#1386,#1387,#1388);
#1386 = CARTESIAN_POINT('',(0.,0.,3.2806));
#1387 = DIRECTION('',(0.,0.,1.));
#1388 = DIRECTION('',(1.,0.,-0.));
#1389 = SHELL_BASED_SURFACE_MODEL('',(#1390));
#1390 = OPEN_SHELL('',(#1391));
#1391 = ADVANCED_FACE('',(#1392,#1403),#1414,.T.);
#1392 = FACE_BOUND('',#1393,.T.);
#1393 = EDGE_LOOP('',(#1394));
#1394 = ORIENTED_EDGE('',*,*,#1395,.T.);
#1395 = EDGE_CURVE('',#1396,#1396,#1398,.T.);
#1396 = VERTEX_POINT('',#1397);
#1397 = CARTESIAN_POINT('',(123.074999,-76.,3.2806));
#1398 = CIRCLE('',#1399,3.574999);
#1399 = AXIS2_PLACEMENT_3D('',#1400,#1401,#1402);
#1400 = CARTESIAN_POINT('',(119.5,-76.,3.2806));
#1401 = DIRECTION('',(0.,0.,1.));
#1402 = DIRECTION('',(1.,0.,-0.));
#1403 = FACE_BOUND('',#1404,.F.);
#1404 = EDGE_LOOP('',(#1405));
#1405 = ORIENTED_EDGE('',*,*,#1406,.T.);
#1406 = EDGE_CURVE('',#1407,#1407,#1409,.T.);
#1407 = VERTEX_POINT('',#1408);
#1408 = CARTESIAN_POINT('',(122.929131,-76.,3.2806));
#1409 = CIRCLE('',#1410,3.429131);
#1410 = AXIS2_PLACEMENT_3D('',#1411,#1412,#1413);
#1411 = CARTESIAN_POINT('',(119.5,-76.,3.2806));
#1412 = DIRECTION('',(0.,0.,1.));
#1413 = DIRECTION('',(1.,0.,-0.));
#1414 = PLANE('',#1415);
#1415 = AXIS2_PLACEMENT_3D('',#1416,#1417,#1418);
#1416 = CARTESIAN_POINT('',(0.,0.,3.2806));
#1417 = DIRECTION('',(0.,0.,1.));
#1418 = DIRECTION('',(1.,0.,-0.));
#1419 = SHELL_BASED_SURFACE_MODEL('',(#1420));
#1420 = OPEN_SHELL('',(#1421));
#1421 = ADVANCED_FACE('',(#1422,#1433),#1444,.T.);
#1422 = FACE_BOUND('',#1423,.T.);
#1423 = EDGE_LOOP('',(#1424));
#1424 = ORIENTED_EDGE('',*,*,#1425,.T.);
#1425 = EDGE_CURVE('',#1426,#1426,#1428,.T.);
#1426 = VERTEX_POINT('',#1427);
#1427 = CARTESIAN_POINT('',(146.074999,-76.,3.2806));
#1428 = CIRCLE('',#1429,3.574999);
#1429 = AXIS2_PLACEMENT_3D('',#1430,#1431,#1432);
#1430 = CARTESIAN_POINT('',(142.5,-76.,3.2806));
#1431 = DIRECTION('',(0.,0.,1.));
#1432 = DIRECTION('',(1.,0.,-0.));
#1433 = FACE_BOUND('',#1434,.F.);
#1434 = EDGE_LOOP('',(#1435));
#1435 = ORIENTED_EDGE('',*,*,#1436,.T.);
#1436 = EDGE_CURVE('',#1437,#1437,#1439,.T.);
#1437 = VERTEX_POINT('',#1438);
#1438 = CARTESIAN_POINT('',(145.929131,-76.,3.2806));
#1439 = CIRCLE('',#1440,3.429131);
#1440 = AXIS2_PLACEMENT_3D('',#1441,#1442,#1443);
#1441 = CARTESIAN_POINT('',(142.5,-76.,3.2806));
#1442 = DIRECTION('',(0.,0.,1.));
#1443 = DIRECTION('',(1.,0.,-0.));
#1444 = PLANE('',#1445);
#1445 = AXIS2_PLACEMENT_3D('',#1446,#1447,#1448);
#1446 = CARTESIAN_POINT('',(0.,0.,3.2806));
#1447 = DIRECTION('',(0.,0.,1.));
#1448 = DIRECTION('',(1.,0.,-0.));
#1449 = SHELL_BASED_SURFACE_MODEL('',(#1450));
#1450 = OPEN_SHELL('',(#1451));
#1451 = ADVANCED_FACE('',(#1452),#1611,.T.);
#1452 = FACE_BOUND('',#1453,.F.);
#1453 = EDGE_LOOP('',(#1454,#1465,#1473,#1481,#1489,#1497,#1505,#1513,
    #1522,#1530,#1539,#1547,#1555,#1563,#1572,#1580,#1588,#1596,#1605));
#1454 = ORIENTED_EDGE('',*,*,#1455,.T.);
#1455 = EDGE_CURVE('',#1456,#1458,#1460,.T.);
#1456 = VERTEX_POINT('',#1457);
#1457 = CARTESIAN_POINT('',(135.252173,-76.285356,3.2806));
#1458 = VERTEX_POINT('',#1459);
#1459 = CARTESIAN_POINT('',(135.761568,-76.294686,3.2806));
#1460 = CIRCLE('',#1461,0.450326844012);
#1461 = AXIS2_PLACEMENT_3D('',#1462,#1463,#1464);
#1462 = CARTESIAN_POINT('',(135.5000700301,-76.66130989199,3.2806));
#1463 = DIRECTION('',(0.,0.,-1.));
#1464 = DIRECTION('',(-0.550482462684,0.834846727416,0.));
#1465 = ORIENTED_EDGE('',*,*,#1466,.T.);
#1466 = EDGE_CURVE('',#1458,#1467,#1469,.T.);
#1467 = VERTEX_POINT('',#1468);
#1468 = CARTESIAN_POINT('',(135.825021,-76.360216,3.2806));
#1469 = LINE('',#1470,#1471);
#1470 = CARTESIAN_POINT('',(135.761568,-76.294686,3.2806));
#1471 = VECTOR('',#1472,1.);
#1472 = DIRECTION('',(0.695630129574,-0.718400113328,0.));
#1473 = ORIENTED_EDGE('',*,*,#1474,.T.);
#1474 = EDGE_CURVE('',#1467,#1475,#1477,.T.);
#1475 = VERTEX_POINT('',#1476);
#1476 = CARTESIAN_POINT('',(135.883082,-76.480663,3.2806));
#1477 = LINE('',#1478,#1479);
#1478 = CARTESIAN_POINT('',(135.825021,-76.360216,3.2806));
#1479 = VECTOR('',#1480,1.);
#1480 = DIRECTION('',(0.434228424707,-0.900802794832,0.));
#1481 = ORIENTED_EDGE('',*,*,#1482,.T.);
#1482 = EDGE_CURVE('',#1475,#1483,#1485,.T.);
#1483 = VERTEX_POINT('',#1484);
#1484 = CARTESIAN_POINT('',(135.882323,-76.606995,3.2806));
#1485 = LINE('',#1486,#1487);
#1486 = CARTESIAN_POINT('',(135.883082,-76.480663,3.2806));
#1487 = VECTOR('',#1488,1.);
#1488 = DIRECTION('',(-6.007870547434E-03,-0.999981952583,0.));
#1489 = ORIENTED_EDGE('',*,*,#1490,.T.);
#1490 = EDGE_CURVE('',#1483,#1491,#1493,.T.);
#1491 = VERTEX_POINT('',#1492);
#1492 = CARTESIAN_POINT('',(135.824265,-76.775058,3.2806));
#1493 = LINE('',#1494,#1495);
#1494 = CARTESIAN_POINT('',(135.882323,-76.606995,3.2806));
#1495 = VECTOR('',#1496,1.);
#1496 = DIRECTION('',(-0.326519613327,-0.945190426376,0.));
#1497 = ORIENTED_EDGE('',*,*,#1498,.T.);
#1498 = EDGE_CURVE('',#1491,#1499,#1501,.T.);
#1499 = VERTEX_POINT('',#1500);
#1500 = CARTESIAN_POINT('',(135.371542,-77.229819,3.2806));
#1501 = LINE('',#1502,#1503);
#1502 = CARTESIAN_POINT('',(135.824265,-76.775058,3.2806));
#1503 = VECTOR('',#1504,1.);
#1504 = DIRECTION('',(-0.705517003129,-0.708692992978,0.));
#1505 = ORIENTED_EDGE('',*,*,#1506,.T.);
#1506 = EDGE_CURVE('',#1499,#1507,#1509,.T.);
#1507 = VERTEX_POINT('',#1508);
#1508 = CARTESIAN_POINT('',(135.824155,-77.23126,3.2806));
#1509 = LINE('',#1510,#1511);
#1510 = CARTESIAN_POINT('',(135.371542,-77.229819,3.2806));
#1511 = VECTOR('',#1512,1.);
#1512 = DIRECTION('',(0.999994931953,-3.183719197072E-03,0.));
#1513 = ORIENTED_EDGE('',*,*,#1514,.T.);
#1514 = EDGE_CURVE('',#1507,#1515,#1517,.T.);
#1515 = VERTEX_POINT('',#1516);
#1516 = CARTESIAN_POINT('',(135.809523,-77.379819,3.2806));
#1517 = CIRCLE('',#1518,7.500006711463E-02);
#1518 = AXIS2_PLACEMENT_3D('',#1519,#1520,#1521);
#1519 = CARTESIAN_POINT('',(135.80952306711,-77.30481893288,3.2806));
#1520 = DIRECTION('',(0.,0.,-1.));
#1521 = DIRECTION('',(0.195092263891,0.980784894138,0.));
#1522 = ORIENTED_EDGE('',*,*,#1523,.T.);
#1523 = EDGE_CURVE('',#1515,#1524,#1526,.T.);
#1524 = VERTEX_POINT('',#1525);
#1525 = CARTESIAN_POINT('',(135.175844,-77.378378,3.2806));
#1526 = LINE('',#1527,#1528);
#1527 = CARTESIAN_POINT('',(135.809523,-77.379819,3.2806));
#1528 = VECTOR('',#1529,1.);
#1529 = DIRECTION('',(-0.999997414422,2.274016140951E-03,0.));
#1530 = ORIENTED_EDGE('',*,*,#1531,.T.);
#1531 = EDGE_CURVE('',#1524,#1532,#1534,.T.);
#1532 = VERTEX_POINT('',#1533);
#1533 = CARTESIAN_POINT('',(135.137443,-77.251786,3.2806));
#1534 = CIRCLE('',#1535,7.500021013111E-02);
#1535 = AXIS2_PLACEMENT_3D('',#1536,#1537,#1538);
#1536 = CARTESIAN_POINT('',(135.1904763167,-77.30481899764,3.2806));
#1537 = DIRECTION('',(0.,0.,-1.));
#1538 = DIRECTION('',(-0.195097009436,-0.980783950169,-0.));
#1539 = ORIENTED_EDGE('',*,*,#1540,.T.);
#1540 = EDGE_CURVE('',#1532,#1541,#1543,.T.);
#1541 = VERTEX_POINT('',#1542);
#1542 = CARTESIAN_POINT('',(135.696351,-76.692876,3.2806));
#1543 = LINE('',#1544,#1545);
#1544 = CARTESIAN_POINT('',(135.137443,-77.251786,3.2806));
#1545 = VECTOR('',#1546,1.);
#1546 = DIRECTION('',(0.70710551603,0.707108046341,0.));
#1547 = ORIENTED_EDGE('',*,*,#1548,.T.);
#1548 = EDGE_CURVE('',#1541,#1549,#1551,.T.);
#1549 = VERTEX_POINT('',#1550);
#1550 = CARTESIAN_POINT('',(135.734523,-76.578363,3.2806));
#1551 = LINE('',#1552,#1553);
#1552 = CARTESIAN_POINT('',(135.696351,-76.692876,3.2806));
#1553 = VECTOR('',#1554,1.);
#1554 = DIRECTION('',(0.31623522204,0.948680812677,0.));
#1555 = ORIENTED_EDGE('',*,*,#1556,.T.);
#1556 = EDGE_CURVE('',#1549,#1557,#1559,.T.);
#1557 = VERTEX_POINT('',#1558);
#1558 = CARTESIAN_POINT('',(135.734523,-76.513,3.2806));
#1559 = LINE('',#1560,#1561);
#1560 = CARTESIAN_POINT('',(135.734523,-76.578363,3.2806));
#1561 = VECTOR('',#1562,1.);
#1562 = DIRECTION('',(0.,1.,0.));
#1563 = ORIENTED_EDGE('',*,*,#1564,.T.);
#1564 = EDGE_CURVE('',#1557,#1565,#1567,.T.);
#1565 = VERTEX_POINT('',#1566);
#1566 = CARTESIAN_POINT('',(135.601342,-76.379819,3.2806));
#1567 = CIRCLE('',#1568,0.18686440374);
#1568 = AXIS2_PLACEMENT_3D('',#1569,#1570,#1571);
#1569 = CARTESIAN_POINT('',(135.553806,-76.560536,3.2806));
#1570 = DIRECTION('',(0.,0.,1.));
#1571 = DIRECTION('',(0.967102328658,0.254387668537,-0.));
#1572 = ORIENTED_EDGE('',*,*,#1573,.T.);
#1573 = EDGE_CURVE('',#1565,#1574,#1576,.T.);
#1574 = VERTEX_POINT('',#1575);
#1575 = CARTESIAN_POINT('',(135.398657,-76.379819,3.2806));
#1576 = LINE('',#1577,#1578);
#1577 = CARTESIAN_POINT('',(135.601342,-76.379819,3.2806));
#1578 = VECTOR('',#1579,1.);
#1579 = DIRECTION('',(-1.,0.,0.));
#1580 = ORIENTED_EDGE('',*,*,#1581,.T.);
#1581 = EDGE_CURVE('',#1574,#1582,#1584,.T.);
#1582 = VERTEX_POINT('',#1583);
#1583 = CARTESIAN_POINT('',(135.330141,-76.414077,3.2806));
#1584 = LINE('',#1585,#1586);
#1585 = CARTESIAN_POINT('',(135.398657,-76.379819,3.2806));
#1586 = VECTOR('',#1587,1.);
#1587 = DIRECTION('',(-0.894427191,-0.4472135955,0.));
#1588 = ORIENTED_EDGE('',*,*,#1589,.T.);
#1589 = EDGE_CURVE('',#1582,#1590,#1592,.T.);
#1590 = VERTEX_POINT('',#1591);
#1591 = CARTESIAN_POINT('',(135.279763,-76.462417,3.2806));
#1592 = LINE('',#1593,#1594);
#1593 = CARTESIAN_POINT('',(135.330141,-76.414077,3.2806));
#1594 = VECTOR('',#1595,1.);
#1595 = DIRECTION('',(-0.721551016594,-0.692361271629,0.));
#1596 = ORIENTED_EDGE('',*,*,#1597,.T.);
#1597 = EDGE_CURVE('',#1590,#1598,#1600,.T.);
#1598 = VERTEX_POINT('',#1599);
#1599 = CARTESIAN_POINT('',(135.185062,-76.347024,3.2806));
#1600 = CIRCLE('',#1601,7.499996838527E-02);
#1601 = AXIS2_PLACEMENT_3D('',#1602,#1603,#1604);
#1602 = CARTESIAN_POINT('',(135.238095,-76.40005697246,3.2806));
#1603 = DIRECTION('',(0.,0.,-1.));
#1604 = DIRECTION('',(0.555573567524,-0.831467384248,0.));
#1605 = ORIENTED_EDGE('',*,*,#1606,.T.);
#1606 = EDGE_CURVE('',#1598,#1456,#1607,.T.);
#1607 = LINE('',#1608,#1609);
#1608 = CARTESIAN_POINT('',(135.185062,-76.347024,3.2806));
#1609 = VECTOR('',#1610,1.);
#1610 = DIRECTION('',(0.736336089652,0.676615964248,0.));
#1611 = PLANE('',#1612);
#1612 = AXIS2_PLACEMENT_3D('',#1613,#1614,#1615);
#1613 = CARTESIAN_POINT('',(0.,0.,3.2806));
#1614 = DIRECTION('',(0.,0.,1.));
#1615 = DIRECTION('',(1.,0.,-0.));
#1616 = SHELL_BASED_SURFACE_MODEL('',(#1617));
#1617 = OPEN_SHELL('',(#1618));
#1618 = ADVANCED_FACE('',(#1619),#1737,.T.);
#1619 = FACE_BOUND('',#1620,.F.);
#1620 = EDGE_LOOP('',(#1621,#1632,#1640,#1648,#1656,#1665,#1673,#1682,
    #1690,#1698,#1706,#1715,#1723,#1731));
#1621 = ORIENTED_EDGE('',*,*,#1622,.T.);
#1622 = EDGE_CURVE('',#1623,#1625,#1627,.T.);
#1623 = VERTEX_POINT('',#1624);
#1624 = CARTESIAN_POINT('',(134.196427,-76.242459,3.2806));
#1625 = VERTEX_POINT('',#1626);
#1626 = CARTESIAN_POINT('',(134.313095,-76.304819,3.2806));
#1627 = CIRCLE('',#1628,7.500000000004E-02);
#1628 = AXIS2_PLACEMENT_3D('',#1629,#1630,#1631);
#1629 = CARTESIAN_POINT('',(134.238095,-76.30481906555,3.2806));
#1630 = DIRECTION('',(0.,0.,-1.));
#1631 = DIRECTION('',(-0.555573333333,0.831467540731,0.));
#1632 = ORIENTED_EDGE('',*,*,#1633,.T.);
#1633 = EDGE_CURVE('',#1625,#1634,#1636,.T.);
#1634 = VERTEX_POINT('',#1635);
#1635 = CARTESIAN_POINT('',(134.313095,-76.706009,3.2806));
#1636 = LINE('',#1637,#1638);
#1637 = CARTESIAN_POINT('',(134.313095,-76.304819,3.2806));
#1638 = VECTOR('',#1639,1.);
#1639 = DIRECTION('',(0.,-1.,0.));
#1640 = ORIENTED_EDGE('',*,*,#1641,.T.);
#1641 = EDGE_CURVE('',#1634,#1642,#1644,.T.);
#1642 = VERTEX_POINT('',#1643);
#1643 = CARTESIAN_POINT('',(134.734523,-76.706009,3.2806));
#1644 = LINE('',#1645,#1646);
#1645 = CARTESIAN_POINT('',(134.313095,-76.706009,3.2806));
#1646 = VECTOR('',#1647,1.);
#1647 = DIRECTION('',(1.,0.,0.));
#1648 = ORIENTED_EDGE('',*,*,#1649,.T.);
#1649 = EDGE_CURVE('',#1642,#1650,#1652,.T.);
#1650 = VERTEX_POINT('',#1651);
#1651 = CARTESIAN_POINT('',(134.735964,-76.290187,3.2806));
#1652 = LINE('',#1653,#1654);
#1653 = CARTESIAN_POINT('',(134.734523,-76.706009,3.2806));
#1654 = VECTOR('',#1655,1.);
#1655 = DIRECTION('',(3.465404301528E-03,0.999993995468,0.));
#1656 = ORIENTED_EDGE('',*,*,#1657,.T.);
#1657 = EDGE_CURVE('',#1650,#1658,#1660,.T.);
#1658 = VERTEX_POINT('',#1659);
#1659 = CARTESIAN_POINT('',(134.884523,-76.304819,3.2806));
#1660 = CIRCLE('',#1661,7.500006711464E-02);
#1661 = AXIS2_PLACEMENT_3D('',#1662,#1663,#1664);
#1662 = CARTESIAN_POINT('',(134.80952293288,-76.30481893288,3.2806));
#1663 = DIRECTION('',(0.,0.,-1.));
#1664 = DIRECTION('',(-0.980784894138,0.195092263891,0.));
#1665 = ORIENTED_EDGE('',*,*,#1666,.T.);
#1666 = EDGE_CURVE('',#1658,#1667,#1669,.T.);
#1667 = VERTEX_POINT('',#1668);
#1668 = CARTESIAN_POINT('',(134.883082,-77.319451,3.2806));
#1669 = LINE('',#1670,#1671);
#1670 = CARTESIAN_POINT('',(134.884523,-76.304819,3.2806));
#1671 = VECTOR('',#1672,1.);
#1672 = DIRECTION('',(-1.420217918158E-03,-0.99999899149,0.));
#1673 = ORIENTED_EDGE('',*,*,#1674,.T.);
#1674 = EDGE_CURVE('',#1667,#1675,#1677,.T.);
#1675 = VERTEX_POINT('',#1676);
#1676 = CARTESIAN_POINT('',(134.734523,-77.304819,3.2806));
#1677 = CIRCLE('',#1678,7.500006711463E-02);
#1678 = AXIS2_PLACEMENT_3D('',#1679,#1680,#1681);
#1679 = CARTESIAN_POINT('',(134.80952306711,-77.30481906711,3.2806));
#1680 = DIRECTION('',(-0.,0.,-1.));
#1681 = DIRECTION('',(0.980784894138,-0.195092263891,-0.));
#1682 = ORIENTED_EDGE('',*,*,#1683,.T.);
#1683 = EDGE_CURVE('',#1675,#1684,#1686,.T.);
#1684 = VERTEX_POINT('',#1685);
#1685 = CARTESIAN_POINT('',(134.734523,-76.856009,3.2806));
#1686 = LINE('',#1687,#1688);
#1687 = CARTESIAN_POINT('',(134.734523,-77.304819,3.2806));
#1688 = VECTOR('',#1689,1.);
#1689 = DIRECTION('',(0.,1.,0.));
#1690 = ORIENTED_EDGE('',*,*,#1691,.T.);
#1691 = EDGE_CURVE('',#1684,#1692,#1694,.T.);
#1692 = VERTEX_POINT('',#1693);
#1693 = CARTESIAN_POINT('',(134.313095,-76.856009,3.2806));
#1694 = LINE('',#1695,#1696);
#1695 = CARTESIAN_POINT('',(134.734523,-76.856009,3.2806));
#1696 = VECTOR('',#1697,1.);
#1697 = DIRECTION('',(-1.,0.,0.));
#1698 = ORIENTED_EDGE('',*,*,#1699,.T.);
#1699 = EDGE_CURVE('',#1692,#1700,#1702,.T.);
#1700 = VERTEX_POINT('',#1701);
#1701 = CARTESIAN_POINT('',(134.311654,-77.319451,3.2806));
#1702 = LINE('',#1703,#1704);
#1703 = CARTESIAN_POINT('',(134.313095,-76.856009,3.2806));
#1704 = VECTOR('',#1705,1.);
#1705 = DIRECTION('',(-3.109327670448E-03,-0.999995166029,0.));
#1706 = ORIENTED_EDGE('',*,*,#1707,.T.);
#1707 = EDGE_CURVE('',#1700,#1708,#1710,.T.);
#1708 = VERTEX_POINT('',#1709);
#1709 = CARTESIAN_POINT('',(134.163095,-77.304819,3.2806));
#1710 = CIRCLE('',#1711,7.500006711464E-02);
#1711 = AXIS2_PLACEMENT_3D('',#1712,#1713,#1714);
#1712 = CARTESIAN_POINT('',(134.23809506711,-77.30481906711,3.2806));
#1713 = DIRECTION('',(-0.,0.,-1.));
#1714 = DIRECTION('',(0.980784894138,-0.195092263891,-0.));
#1715 = ORIENTED_EDGE('',*,*,#1716,.T.);
#1716 = EDGE_CURVE('',#1708,#1717,#1719,.T.);
#1717 = VERTEX_POINT('',#1718);
#1718 = CARTESIAN_POINT('',(134.164536,-76.290187,3.2806));
#1719 = LINE('',#1720,#1721);
#1720 = CARTESIAN_POINT('',(134.163095,-77.304819,3.2806));
#1721 = VECTOR('',#1722,1.);
#1722 = DIRECTION('',(1.420217918158E-03,0.99999899149,0.));
#1723 = ORIENTED_EDGE('',*,*,#1724,.T.);
#1724 = EDGE_CURVE('',#1717,#1725,#1727,.T.);
#1725 = VERTEX_POINT('',#1726);
#1726 = CARTESIAN_POINT('',(134.175735,-76.263151,3.2806));
#1727 = LINE('',#1728,#1729);
#1728 = CARTESIAN_POINT('',(134.164536,-76.290187,3.2806));
#1729 = VECTOR('',#1730,1.);
#1730 = DIRECTION('',(0.38269282806,0.923875640631,0.));
#1731 = ORIENTED_EDGE('',*,*,#1732,.T.);
#1732 = EDGE_CURVE('',#1725,#1623,#1733,.T.);
#1733 = LINE('',#1734,#1735);
#1734 = CARTESIAN_POINT('',(134.175735,-76.263151,3.2806));
#1735 = VECTOR('',#1736,1.);
#1736 = DIRECTION('',(0.707106781187,0.707106781187,0.));
#1737 = PLANE('',#1738);
#1738 = AXIS2_PLACEMENT_3D('',#1739,#1740,#1741);
#1739 = CARTESIAN_POINT('',(0.,0.,3.2806));
#1740 = DIRECTION('',(0.,0.,1.));
#1741 = DIRECTION('',(1.,0.,-0.));
#1742 = SHELL_BASED_SURFACE_MODEL('',(#1743));
#1743 = OPEN_SHELL('',(#1744));
#1744 = ADVANCED_FACE('',(#1745),#1879,.T.);
#1745 = FACE_BOUND('',#1746,.F.);
#1746 = EDGE_LOOP('',(#1747,#1757,#1765,#1774,#1782,#1790,#1799,#1807,
    #1816,#1824,#1832,#1840,#1848,#1857,#1865,#1873));
#1747 = ORIENTED_EDGE('',*,*,#1748,.T.);
#1748 = EDGE_CURVE('',#1749,#1751,#1753,.T.);
#1749 = VERTEX_POINT('',#1750);
#1750 = CARTESIAN_POINT('',(127.470721,-68.251841,3.2806));
#1751 = VERTEX_POINT('',#1752);
#1752 = CARTESIAN_POINT('',(127.509177,-68.23126,3.2806));
#1753 = LINE('',#1754,#1755);
#1754 = CARTESIAN_POINT('',(127.470721,-68.251841,3.2806));
#1755 = VECTOR('',#1756,1.);
#1756 = DIRECTION('',(0.881674852639,0.471857451169,0.));
#1757 = ORIENTED_EDGE('',*,*,#1758,.T.);
#1758 = EDGE_CURVE('',#1751,#1759,#1761,.T.);
#1759 = VERTEX_POINT('',#1760);
#1760 = CARTESIAN_POINT('',(127.531014,-68.23126,3.2806));
#1761 = LINE('',#1762,#1763);
#1762 = CARTESIAN_POINT('',(127.509177,-68.23126,3.2806));
#1763 = VECTOR('',#1764,1.);
#1764 = DIRECTION('',(1.,0.,0.));
#1765 = ORIENTED_EDGE('',*,*,#1766,.T.);
#1766 = EDGE_CURVE('',#1759,#1767,#1769,.T.);
#1767 = VERTEX_POINT('',#1768);
#1768 = CARTESIAN_POINT('',(127.598809,-68.304819,3.2806));
#1769 = CIRCLE('',#1770,7.216898094225E-02);
#1770 = AXIS2_PLACEMENT_3D('',#1771,#1772,#1773);
#1771 = CARTESIAN_POINT('',(127.52665606389,-68.30329728342,3.2806));
#1772 = DIRECTION('',(0.,0.,-1.));
#1773 = DIRECTION('',(6.038516895208E-02,0.998175150648,0.));
#1774 = ORIENTED_EDGE('',*,*,#1775,.T.);
#1775 = EDGE_CURVE('',#1767,#1776,#1778,.T.);
#1776 = VERTEX_POINT('',#1777);
#1777 = CARTESIAN_POINT('',(127.598809,-69.229819,3.2806));
#1778 = LINE('',#1779,#1780);
#1779 = CARTESIAN_POINT('',(127.598809,-68.304819,3.2806));
#1780 = VECTOR('',#1781,1.);
#1781 = DIRECTION('',(0.,-1.,0.));
#1782 = ORIENTED_EDGE('',*,*,#1783,.T.);
#1783 = EDGE_CURVE('',#1776,#1784,#1786,.T.);
#1784 = VERTEX_POINT('',#1785);
#1785 = CARTESIAN_POINT('',(127.824155,-69.23126,3.2806));
#1786 = LINE('',#1787,#1788);
#1787 = CARTESIAN_POINT('',(127.598809,-69.229819,3.2806));
#1788 = VECTOR('',#1789,1.);
#1789 = DIRECTION('',(0.999979555102,-6.394480216655E-03,0.));
#1790 = ORIENTED_EDGE('',*,*,#1791,.T.);
#1791 = EDGE_CURVE('',#1784,#1792,#1794,.T.);
#1792 = VERTEX_POINT('',#1793);
#1793 = CARTESIAN_POINT('',(127.809523,-69.379819,3.2806));
#1794 = CIRCLE('',#1795,7.500006711463E-02);
#1795 = AXIS2_PLACEMENT_3D('',#1796,#1797,#1798);
#1796 = CARTESIAN_POINT('',(127.80952306711,-69.30481893288,3.2806));
#1797 = DIRECTION('',(0.,0.,-1.));
#1798 = DIRECTION('',(0.195092263891,0.980784894138,0.));
#1799 = ORIENTED_EDGE('',*,*,#1800,.T.);
#1800 = EDGE_CURVE('',#1792,#1801,#1803,.T.);
#1801 = VERTEX_POINT('',#1802);
#1802 = CARTESIAN_POINT('',(127.223463,-69.378378,3.2806));
#1803 = LINE('',#1804,#1805);
#1804 = CARTESIAN_POINT('',(127.809523,-69.379819,3.2806));
#1805 = VECTOR('',#1806,1.);
#1806 = DIRECTION('',(-0.999996977183,2.45878518261E-03,0.));
#1807 = ORIENTED_EDGE('',*,*,#1808,.T.);
#1808 = EDGE_CURVE('',#1801,#1809,#1811,.T.);
#1809 = VERTEX_POINT('',#1810);
#1810 = CARTESIAN_POINT('',(127.238095,-69.229819,3.2806));
#1811 = CIRCLE('',#1812,7.500006711464E-02);
#1812 = AXIS2_PLACEMENT_3D('',#1813,#1814,#1815);
#1813 = CARTESIAN_POINT('',(127.23809493288,-69.30481906711,3.2806));
#1814 = DIRECTION('',(0.,0.,-1.));
#1815 = DIRECTION('',(-0.195092263891,-0.980784894138,-0.));
#1816 = ORIENTED_EDGE('',*,*,#1817,.T.);
#1817 = EDGE_CURVE('',#1809,#1818,#1820,.T.);
#1818 = VERTEX_POINT('',#1819);
#1819 = CARTESIAN_POINT('',(127.448809,-69.229819,3.2806));
#1820 = LINE('',#1821,#1822);
#1821 = CARTESIAN_POINT('',(127.238095,-69.229819,3.2806));
#1822 = VECTOR('',#1823,1.);
#1823 = DIRECTION('',(1.,0.,0.));
#1824 = ORIENTED_EDGE('',*,*,#1825,.T.);
#1825 = EDGE_CURVE('',#1818,#1826,#1828,.T.);
#1826 = VERTEX_POINT('',#1827);
#1827 = CARTESIAN_POINT('',(127.448809,-68.533504,3.2806));
#1828 = LINE('',#1829,#1830);
#1829 = CARTESIAN_POINT('',(127.448809,-69.229819,3.2806));
#1830 = VECTOR('',#1831,1.);
#1831 = DIRECTION('',(0.,1.,0.));
#1832 = ORIENTED_EDGE('',*,*,#1833,.T.);
#1833 = EDGE_CURVE('',#1826,#1834,#1836,.T.);
#1834 = VERTEX_POINT('',#1835);
#1835 = CARTESIAN_POINT('',(127.373173,-68.606031,3.2806));
#1836 = LINE('',#1837,#1838);
#1837 = CARTESIAN_POINT('',(127.448809,-68.533504,3.2806));
#1838 = VECTOR('',#1839,1.);
#1839 = DIRECTION('',(-0.721785571396,-0.692116745156,0.));
#1840 = ORIENTED_EDGE('',*,*,#1841,.T.);
#1841 = EDGE_CURVE('',#1834,#1842,#1844,.T.);
#1842 = VERTEX_POINT('',#1843);
#1843 = CARTESIAN_POINT('',(127.257904,-68.66287,3.2806));
#1844 = LINE('',#1845,#1846);
#1845 = CARTESIAN_POINT('',(127.373173,-68.606031,3.2806));
#1846 = VECTOR('',#1847,1.);
#1847 = DIRECTION('',(-0.896889346494,-0.442255017094,0.));
#1848 = ORIENTED_EDGE('',*,*,#1849,.T.);
#1849 = EDGE_CURVE('',#1842,#1850,#1852,.T.);
#1850 = VERTEX_POINT('',#1851);
#1851 = CARTESIAN_POINT('',(127.204554,-68.523451,3.2806));
#1852 = CIRCLE('',#1853,7.500005272361E-02);
#1853 = AXIS2_PLACEMENT_3D('',#1854,#1855,#1856);
#1854 = CARTESIAN_POINT('',(127.23809455676,-68.59053332972,3.2806));
#1855 = DIRECTION('',(0.,0.,-1.));
#1856 = DIRECTION('',(0.264125724196,-0.964488259036,0.));
#1857 = ORIENTED_EDGE('',*,*,#1858,.T.);
#1858 = EDGE_CURVE('',#1850,#1859,#1861,.T.);
#1859 = VERTEX_POINT('',#1860);
#1860 = CARTESIAN_POINT('',(127.288906,-68.481275,3.2806));
#1861 = LINE('',#1862,#1863);
#1862 = CARTESIAN_POINT('',(127.204554,-68.523451,3.2806));
#1863 = VECTOR('',#1864,1.);
#1864 = DIRECTION('',(0.894427191,0.4472135955,0.));
#1865 = ORIENTED_EDGE('',*,*,#1866,.T.);
#1866 = EDGE_CURVE('',#1859,#1867,#1869,.T.);
#1867 = VERTEX_POINT('',#1868);
#1868 = CARTESIAN_POINT('',(127.370285,-68.399896,3.2806));
#1869 = LINE('',#1870,#1871);
#1870 = CARTESIAN_POINT('',(127.288906,-68.481275,3.2806));
#1871 = VECTOR('',#1872,1.);
#1872 = DIRECTION('',(0.707106781187,0.707106781187,0.));
#1873 = ORIENTED_EDGE('',*,*,#1874,.T.);
#1874 = EDGE_CURVE('',#1867,#1749,#1875,.T.);
#1875 = LINE('',#1876,#1877);
#1876 = CARTESIAN_POINT('',(127.370285,-68.399896,3.2806));
#1877 = VECTOR('',#1878,1.);
#1878 = DIRECTION('',(0.561387006404,0.82755339951,0.));
#1879 = PLANE('',#1880);
#1880 = AXIS2_PLACEMENT_3D('',#1881,#1882,#1883);
#1881 = CARTESIAN_POINT('',(0.,0.,3.2806));
#1882 = DIRECTION('',(0.,0.,1.));
#1883 = DIRECTION('',(1.,0.,-0.));
#1884 = SHELL_BASED_SURFACE_MODEL('',(#1885));
#1885 = OPEN_SHELL('',(#1886));
#1886 = ADVANCED_FACE('',(#1887),#2005,.T.);
#1887 = FACE_BOUND('',#1888,.F.);
#1888 = EDGE_LOOP('',(#1889,#1900,#1908,#1916,#1924,#1933,#1941,#1950,
    #1958,#1966,#1974,#1983,#1991,#1999));
#1889 = ORIENTED_EDGE('',*,*,#1890,.T.);
#1890 = EDGE_CURVE('',#1891,#1893,#1895,.T.);
#1891 = VERTEX_POINT('',#1892);
#1892 = CARTESIAN_POINT('',(126.196427,-68.242459,3.2806));
#1893 = VERTEX_POINT('',#1894);
#1894 = CARTESIAN_POINT('',(126.313095,-68.304819,3.2806));
#1895 = CIRCLE('',#1896,7.500000000004E-02);
#1896 = AXIS2_PLACEMENT_3D('',#1897,#1898,#1899);
#1897 = CARTESIAN_POINT('',(126.238095,-68.30481906555,3.2806));
#1898 = DIRECTION('',(0.,0.,-1.));
#1899 = DIRECTION('',(-0.555573333333,0.831467540731,0.));
#1900 = ORIENTED_EDGE('',*,*,#1901,.T.);
#1901 = EDGE_CURVE('',#1893,#1902,#1904,.T.);
#1902 = VERTEX_POINT('',#1903);
#1903 = CARTESIAN_POINT('',(126.313095,-68.706009,3.2806));
#1904 = LINE('',#1905,#1906);
#1905 = CARTESIAN_POINT('',(126.313095,-68.304819,3.2806));
#1906 = VECTOR('',#1907,1.);
#1907 = DIRECTION('',(0.,-1.,0.));
#1908 = ORIENTED_EDGE('',*,*,#1909,.T.);
#1909 = EDGE_CURVE('',#1902,#1910,#1912,.T.);
#1910 = VERTEX_POINT('',#1911);
#1911 = CARTESIAN_POINT('',(126.734523,-68.706009,3.2806));
#1912 = LINE('',#1913,#1914);
#1913 = CARTESIAN_POINT('',(126.313095,-68.706009,3.2806));
#1914 = VECTOR('',#1915,1.);
#1915 = DIRECTION('',(1.,0.,0.));
#1916 = ORIENTED_EDGE('',*,*,#1917,.T.);
#1917 = EDGE_CURVE('',#1910,#1918,#1920,.T.);
#1918 = VERTEX_POINT('',#1919);
#1919 = CARTESIAN_POINT('',(126.735964,-68.290187,3.2806));
#1920 = LINE('',#1921,#1922);
#1921 = CARTESIAN_POINT('',(126.734523,-68.706009,3.2806));
#1922 = VECTOR('',#1923,1.);
#1923 = DIRECTION('',(3.465404301528E-03,0.999993995468,0.));
#1924 = ORIENTED_EDGE('',*,*,#1925,.T.);
#1925 = EDGE_CURVE('',#1918,#1926,#1928,.T.);
#1926 = VERTEX_POINT('',#1927);
#1927 = CARTESIAN_POINT('',(126.884523,-68.304819,3.2806));
#1928 = CIRCLE('',#1929,7.500006711464E-02);
#1929 = AXIS2_PLACEMENT_3D('',#1930,#1931,#1932);
#1930 = CARTESIAN_POINT('',(126.80952293288,-68.30481893288,3.2806));
#1931 = DIRECTION('',(0.,0.,-1.));
#1932 = DIRECTION('',(-0.980784894138,0.195092263891,0.));
#1933 = ORIENTED_EDGE('',*,*,#1934,.T.);
#1934 = EDGE_CURVE('',#1926,#1935,#1937,.T.);
#1935 = VERTEX_POINT('',#1936);
#1936 = CARTESIAN_POINT('',(126.883082,-69.319451,3.2806));
#1937 = LINE('',#1938,#1939);
#1938 = CARTESIAN_POINT('',(126.884523,-68.304819,3.2806));
#1939 = VECTOR('',#1940,1.);
#1940 = DIRECTION('',(-1.420217918158E-03,-0.99999899149,0.));
#1941 = ORIENTED_EDGE('',*,*,#1942,.T.);
#1942 = EDGE_CURVE('',#1935,#1943,#1945,.T.);
#1943 = VERTEX_POINT('',#1944);
#1944 = CARTESIAN_POINT('',(126.734523,-69.304819,3.2806));
#1945 = CIRCLE('',#1946,7.500006711464E-02);
#1946 = AXIS2_PLACEMENT_3D('',#1947,#1948,#1949);
#1947 = CARTESIAN_POINT('',(126.80952306711,-69.30481906711,3.2806));
#1948 = DIRECTION('',(-0.,0.,-1.));
#1949 = DIRECTION('',(0.980784894138,-0.195092263891,-0.));
#1950 = ORIENTED_EDGE('',*,*,#1951,.T.);
#1951 = EDGE_CURVE('',#1943,#1952,#1954,.T.);
#1952 = VERTEX_POINT('',#1953);
#1953 = CARTESIAN_POINT('',(126.734523,-68.856009,3.2806));
#1954 = LINE('',#1955,#1956);
#1955 = CARTESIAN_POINT('',(126.734523,-69.304819,3.2806));
#1956 = VECTOR('',#1957,1.);
#1957 = DIRECTION('',(0.,1.,0.));
#1958 = ORIENTED_EDGE('',*,*,#1959,.T.);
#1959 = EDGE_CURVE('',#1952,#1960,#1962,.T.);
#1960 = VERTEX_POINT('',#1961);
#1961 = CARTESIAN_POINT('',(126.313095,-68.856009,3.2806));
#1962 = LINE('',#1963,#1964);
#1963 = CARTESIAN_POINT('',(126.734523,-68.856009,3.2806));
#1964 = VECTOR('',#1965,1.);
#1965 = DIRECTION('',(-1.,0.,0.));
#1966 = ORIENTED_EDGE('',*,*,#1967,.T.);
#1967 = EDGE_CURVE('',#1960,#1968,#1970,.T.);
#1968 = VERTEX_POINT('',#1969);
#1969 = CARTESIAN_POINT('',(126.311654,-69.319451,3.2806));
#1970 = LINE('',#1971,#1972);
#1971 = CARTESIAN_POINT('',(126.313095,-68.856009,3.2806));
#1972 = VECTOR('',#1973,1.);
#1973 = DIRECTION('',(-3.109327670448E-03,-0.999995166029,0.));
#1974 = ORIENTED_EDGE('',*,*,#1975,.T.);
#1975 = EDGE_CURVE('',#1968,#1976,#1978,.T.);
#1976 = VERTEX_POINT('',#1977);
#1977 = CARTESIAN_POINT('',(126.163095,-69.304819,3.2806));
#1978 = CIRCLE('',#1979,7.500006711464E-02);
#1979 = AXIS2_PLACEMENT_3D('',#1980,#1981,#1982);
#1980 = CARTESIAN_POINT('',(126.23809506711,-69.30481906711,3.2806));
#1981 = DIRECTION('',(-0.,0.,-1.));
#1982 = DIRECTION('',(0.980784894138,-0.195092263891,-0.));
#1983 = ORIENTED_EDGE('',*,*,#1984,.T.);
#1984 = EDGE_CURVE('',#1976,#1985,#1987,.T.);
#1985 = VERTEX_POINT('',#1986);
#1986 = CARTESIAN_POINT('',(126.164536,-68.290187,3.2806));
#1987 = LINE('',#1988,#1989);
#1988 = CARTESIAN_POINT('',(126.163095,-69.304819,3.2806));
#1989 = VECTOR('',#1990,1.);
#1990 = DIRECTION('',(1.420217918158E-03,0.99999899149,0.));
#1991 = ORIENTED_EDGE('',*,*,#1992,.T.);
#1992 = EDGE_CURVE('',#1985,#1993,#1995,.T.);
#1993 = VERTEX_POINT('',#1994);
#1994 = CARTESIAN_POINT('',(126.175735,-68.263151,3.2806));
#1995 = LINE('',#1996,#1997);
#1996 = CARTESIAN_POINT('',(126.164536,-68.290187,3.2806));
#1997 = VECTOR('',#1998,1.);
#1998 = DIRECTION('',(0.38269282806,0.923875640631,0.));
#1999 = ORIENTED_EDGE('',*,*,#2000,.T.);
#2000 = EDGE_CURVE('',#1993,#1891,#2001,.T.);
#2001 = LINE('',#2002,#2003);
#2002 = CARTESIAN_POINT('',(126.175735,-68.263151,3.2806));
#2003 = VECTOR('',#2004,1.);
#2004 = DIRECTION('',(0.707106781187,0.707106781187,0.));
#2005 = PLANE('',#2006);
#2006 = AXIS2_PLACEMENT_3D('',#2007,#2008,#2009);
#2007 = CARTESIAN_POINT('',(0.,0.,3.2806));
#2008 = DIRECTION('',(0.,0.,1.));
#2009 = DIRECTION('',(1.,0.,-0.));
#2010 = SHELL_BASED_SURFACE_MODEL('',(#2011));
#2011 = OPEN_SHELL('',(#2012));
#2012 = ADVANCED_FACE('',(#2013,#2024),#2035,.T.);
#2013 = FACE_BOUND('',#2014,.T.);
#2014 = EDGE_LOOP('',(#2015));
#2015 = ORIENTED_EDGE('',*,*,#2016,.T.);
#2016 = EDGE_CURVE('',#2017,#2017,#2019,.T.);
#2017 = VERTEX_POINT('',#2018);
#2018 = CARTESIAN_POINT('',(134.574999,-64.5,3.2806));
#2019 = CIRCLE('',#2020,3.574999);
#2020 = AXIS2_PLACEMENT_3D('',#2021,#2022,#2023);
#2021 = CARTESIAN_POINT('',(131.,-64.5,3.2806));
#2022 = DIRECTION('',(0.,0.,1.));
#2023 = DIRECTION('',(1.,0.,-0.));
#2024 = FACE_BOUND('',#2025,.F.);
#2025 = EDGE_LOOP('',(#2026));
#2026 = ORIENTED_EDGE('',*,*,#2027,.T.);
#2027 = EDGE_CURVE('',#2028,#2028,#2030,.T.);
#2028 = VERTEX_POINT('',#2029);
#2029 = CARTESIAN_POINT('',(134.429131,-64.5,3.2806));
#2030 = CIRCLE('',#2031,3.429131);
#2031 = AXIS2_PLACEMENT_3D('',#2032,#2033,#2034);
#2032 = CARTESIAN_POINT('',(131.,-64.5,3.2806));
#2033 = DIRECTION('',(0.,0.,1.));
#2034 = DIRECTION('',(1.,0.,-0.));
#2035 = PLANE('',#2036);
#2036 = AXIS2_PLACEMENT_3D('',#2037,#2038,#2039);
#2037 = CARTESIAN_POINT('',(0.,0.,3.2806));
#2038 = DIRECTION('',(0.,0.,1.));
#2039 = DIRECTION('',(1.,0.,-0.));
#2040 = SHELL_BASED_SURFACE_MODEL('',(#2041));
#2041 = OPEN_SHELL('',(#2042));
#2042 = ADVANCED_FACE('',(#2043,#2145),#2283,.T.);
#2043 = FACE_BOUND('',#2044,.F.);
#2044 = EDGE_LOOP('',(#2045,#2055,#2064,#2072,#2080,#2089,#2097,#2105,
    #2114,#2122,#2130,#2139));
#2045 = ORIENTED_EDGE('',*,*,#2046,.T.);
#2046 = EDGE_CURVE('',#2047,#2049,#2051,.T.);
#2047 = VERTEX_POINT('',#2048);
#2048 = CARTESIAN_POINT('',(137.075,-69.925,3.2806));
#2049 = VERTEX_POINT('',#2050);
#2050 = CARTESIAN_POINT('',(142.5,-69.925,3.2806));
#2051 = LINE('',#2052,#2053);
#2052 = CARTESIAN_POINT('',(137.075,-69.925,3.2806));
#2053 = VECTOR('',#2054,1.);
#2054 = DIRECTION('',(1.,0.,0.));
#2055 = ORIENTED_EDGE('',*,*,#2056,.T.);
#2056 = EDGE_CURVE('',#2049,#2057,#2059,.T.);
#2057 = VERTEX_POINT('',#2058);
#2058 = CARTESIAN_POINT('',(142.5,-82.075,3.2806));
#2059 = CIRCLE('',#2060,6.075);
#2060 = AXIS2_PLACEMENT_3D('',#2061,#2062,#2063);
#2061 = CARTESIAN_POINT('',(142.5,-76.,3.2806));
#2062 = DIRECTION('',(0.,0.,-1.));
#2063 = DIRECTION('',(0.,1.,0.));
#2064 = ORIENTED_EDGE('',*,*,#2065,.T.);
#2065 = EDGE_CURVE('',#2057,#2066,#2068,.T.);
#2066 = VERTEX_POINT('',#2067);
#2067 = CARTESIAN_POINT('',(137.075,-82.075,3.2806));
#2068 = LINE('',#2069,#2070);
#2069 = CARTESIAN_POINT('',(142.5,-82.075,3.2806));
#2070 = VECTOR('',#2071,1.);
#2071 = DIRECTION('',(-1.,0.,0.));
#2072 = ORIENTED_EDGE('',*,*,#2073,.T.);
#2073 = EDGE_CURVE('',#2066,#2074,#2076,.T.);
#2074 = VERTEX_POINT('',#2075);
#2075 = CARTESIAN_POINT('',(137.075,-87.5,3.2806));
#2076 = LINE('',#2077,#2078);
#2077 = CARTESIAN_POINT('',(137.075,-82.075,3.2806));
#2078 = VECTOR('',#2079,1.);
#2079 = DIRECTION('',(0.,-1.,0.));
#2080 = ORIENTED_EDGE('',*,*,#2081,.T.);
#2081 = EDGE_CURVE('',#2074,#2082,#2084,.T.);
#2082 = VERTEX_POINT('',#2083);
#2083 = CARTESIAN_POINT('',(124.925,-87.5,3.2806));
#2084 = CIRCLE('',#2085,6.075);
#2085 = AXIS2_PLACEMENT_3D('',#2086,#2087,#2088);
#2086 = CARTESIAN_POINT('',(131.,-87.5,3.2806));
#2087 = DIRECTION('',(0.,0.,-1.));
#2088 = DIRECTION('',(1.,0.,0.));
#2089 = ORIENTED_EDGE('',*,*,#2090,.T.);
#2090 = EDGE_CURVE('',#2082,#2091,#2093,.T.);
#2091 = VERTEX_POINT('',#2092);
#2092 = CARTESIAN_POINT('',(124.925,-82.075,3.2806));
#2093 = LINE('',#2094,#2095);
#2094 = CARTESIAN_POINT('',(124.925,-87.5,3.2806));
#2095 = VECTOR('',#2096,1.);
#2096 = DIRECTION('',(0.,1.,0.));
#2097 = ORIENTED_EDGE('',*,*,#2098,.T.);
#2098 = EDGE_CURVE('',#2091,#2099,#2101,.T.);
#2099 = VERTEX_POINT('',#2100);
#2100 = CARTESIAN_POINT('',(119.5,-82.075,3.2806));
#2101 = LINE('',#2102,#2103);
#2102 = CARTESIAN_POINT('',(124.925,-82.075,3.2806));
#2103 = VECTOR('',#2104,1.);
#2104 = DIRECTION('',(-1.,0.,0.));
#2105 = ORIENTED_EDGE('',*,*,#2106,.T.);
#2106 = EDGE_CURVE('',#2099,#2107,#2109,.T.);
#2107 = VERTEX_POINT('',#2108);
#2108 = CARTESIAN_POINT('',(119.5,-69.925,3.2806));
#2109 = CIRCLE('',#2110,6.075);
#2110 = AXIS2_PLACEMENT_3D('',#2111,#2112,#2113);
#2111 = CARTESIAN_POINT('',(119.5,-76.,3.2806));
#2112 = DIRECTION('',(0.,0.,-1.));
#2113 = DIRECTION('',(0.,-1.,0.));
#2114 = ORIENTED_EDGE('',*,*,#2115,.T.);
#2115 = EDGE_CURVE('',#2107,#2116,#2118,.T.);
#2116 = VERTEX_POINT('',#2117);
#2117 = CARTESIAN_POINT('',(124.925,-69.925,3.2806));
#2118 = LINE('',#2119,#2120);
#2119 = CARTESIAN_POINT('',(119.5,-69.925,3.2806));
#2120 = VECTOR('',#2121,1.);
#2121 = DIRECTION('',(1.,0.,0.));
#2122 = ORIENTED_EDGE('',*,*,#2123,.T.);
#2123 = EDGE_CURVE('',#2116,#2124,#2126,.T.);
#2124 = VERTEX_POINT('',#2125);
#2125 = CARTESIAN_POINT('',(124.925,-64.5,3.2806));
#2126 = LINE('',#2127,#2128);
#2127 = CARTESIAN_POINT('',(124.925,-69.925,3.2806));
#2128 = VECTOR('',#2129,1.);
#2129 = DIRECTION('',(0.,1.,0.));
#2130 = ORIENTED_EDGE('',*,*,#2131,.T.);
#2131 = EDGE_CURVE('',#2124,#2132,#2134,.T.);
#2132 = VERTEX_POINT('',#2133);
#2133 = CARTESIAN_POINT('',(137.075,-64.5,3.2806));
#2134 = CIRCLE('',#2135,6.075);
#2135 = AXIS2_PLACEMENT_3D('',#2136,#2137,#2138);
#2136 = CARTESIAN_POINT('',(131.,-64.5000001758,3.2806));
#2137 = DIRECTION('',(0.,0.,-1.));
#2138 = DIRECTION('',(-1.,2.893896816739E-08,0.));
#2139 = ORIENTED_EDGE('',*,*,#2140,.T.);
#2140 = EDGE_CURVE('',#2132,#2047,#2141,.T.);
#2141 = LINE('',#2142,#2143);
#2142 = CARTESIAN_POINT('',(137.075,-64.5,3.2806));
#2143 = VECTOR('',#2144,1.);
#2144 = DIRECTION('',(0.,-1.,0.));
#2145 = FACE_BOUND('',#2146,.F.);
#2146 = EDGE_LOOP('',(#2147,#2158,#2166,#2175,#2183,#2192,#2200,#2209,
    #2217,#2226,#2234,#2243,#2251,#2260,#2268,#2277));
#2147 = ORIENTED_EDGE('',*,*,#2148,.T.);
#2148 = EDGE_CURVE('',#2149,#2151,#2153,.T.);
#2149 = VERTEX_POINT('',#2150);
#2150 = CARTESIAN_POINT('',(125.073559,-70.014632,3.2806));
#2151 = VERTEX_POINT('',#2152);
#2152 = CARTESIAN_POINT('',(125.,-70.075,3.2806));
#2153 = CIRCLE('',#2154,7.500074938986E-02);
#2154 = AXIS2_PLACEMENT_3D('',#2155,#2156,#2157);
#2155 = CARTESIAN_POINT('',(124.99999953389,-69.99999925061,3.2806));
#2156 = DIRECTION('',(0.,0.,-1.));
#2157 = DIRECTION('',(0.980783081614,-0.195101375752,0.));
#2158 = ORIENTED_EDGE('',*,*,#2159,.T.);
#2159 = EDGE_CURVE('',#2151,#2160,#2162,.T.);
#2160 = VERTEX_POINT('',#2161);
#2161 = CARTESIAN_POINT('',(119.261231,-70.075,3.2806));
#2162 = LINE('',#2163,#2164);
#2163 = CARTESIAN_POINT('',(125.,-70.075,3.2806));
#2164 = VECTOR('',#2165,1.);
#2165 = DIRECTION('',(-1.,0.,0.));
#2166 = ORIENTED_EDGE('',*,*,#2167,.T.);
#2167 = EDGE_CURVE('',#2160,#2168,#2170,.T.);
#2168 = VERTEX_POINT('',#2169);
#2169 = CARTESIAN_POINT('',(119.261231,-81.925,3.2806));
#2170 = CIRCLE('',#2171,5.929809075459);
#2171 = AXIS2_PLACEMENT_3D('',#2172,#2173,#2174);
#2172 = CARTESIAN_POINT('',(119.50000007545,-76.,3.2806));
#2173 = DIRECTION('',(0.,0.,1.));
#2174 = DIRECTION('',(-4.026589598763E-02,0.99918899995,0.));
#2175 = ORIENTED_EDGE('',*,*,#2176,.T.);
#2176 = EDGE_CURVE('',#2168,#2177,#2179,.T.);
#2177 = VERTEX_POINT('',#2178);
#2178 = CARTESIAN_POINT('',(125.014632,-81.926441,3.2806));
#2179 = LINE('',#2180,#2181);
#2180 = CARTESIAN_POINT('',(119.261231,-81.925,3.2806));
#2181 = VECTOR('',#2182,1.);
#2182 = DIRECTION('',(0.999999968635,-2.504605458237E-04,0.));
#2183 = ORIENTED_EDGE('',*,*,#2184,.T.);
#2184 = EDGE_CURVE('',#2177,#2185,#2187,.T.);
#2185 = VERTEX_POINT('',#2186);
#2186 = CARTESIAN_POINT('',(125.075,-82.,3.2806));
#2187 = CIRCLE('',#2188,7.500074938986E-02);
#2188 = AXIS2_PLACEMENT_3D('',#2189,#2190,#2191);
#2189 = CARTESIAN_POINT('',(124.99999925061,-82.00000046611,3.2806));
#2190 = DIRECTION('',(0.,0.,-1.));
#2191 = DIRECTION('',(0.195101375752,0.980783081614,0.));
#2192 = ORIENTED_EDGE('',*,*,#2193,.T.);
#2193 = EDGE_CURVE('',#2185,#2194,#2196,.T.);
#2194 = VERTEX_POINT('',#2195);
#2195 = CARTESIAN_POINT('',(125.075,-87.738769,3.2806));
#2196 = LINE('',#2197,#2198);
#2197 = CARTESIAN_POINT('',(125.075,-82.,3.2806));
#2198 = VECTOR('',#2199,1.);
#2199 = DIRECTION('',(0.,-1.,0.));
#2200 = ORIENTED_EDGE('',*,*,#2201,.T.);
#2201 = EDGE_CURVE('',#2194,#2202,#2204,.T.);
#2202 = VERTEX_POINT('',#2203);
#2203 = CARTESIAN_POINT('',(136.925,-87.738769,3.2806));
#2204 = CIRCLE('',#2205,5.929809075459);
#2205 = AXIS2_PLACEMENT_3D('',#2206,#2207,#2208);
#2206 = CARTESIAN_POINT('',(131.,-87.49999992454,3.2806));
#2207 = DIRECTION('',(0.,0.,1.));
#2208 = DIRECTION('',(-0.99918899995,-4.026589598763E-02,0.));
#2209 = ORIENTED_EDGE('',*,*,#2210,.T.);
#2210 = EDGE_CURVE('',#2202,#2211,#2213,.T.);
#2211 = VERTEX_POINT('',#2212);
#2212 = CARTESIAN_POINT('',(136.926441,-81.985368,3.2806));
#2213 = LINE('',#2214,#2215);
#2214 = CARTESIAN_POINT('',(136.925,-87.738769,3.2806));
#2215 = VECTOR('',#2216,1.);
#2216 = DIRECTION('',(2.504605458237E-04,0.999999968635,0.));
#2217 = ORIENTED_EDGE('',*,*,#2218,.T.);
#2218 = EDGE_CURVE('',#2211,#2219,#2221,.T.);
#2219 = VERTEX_POINT('',#2220);
#2220 = CARTESIAN_POINT('',(137.,-81.925,3.2806));
#2221 = CIRCLE('',#2222,7.500074938978E-02);
#2222 = AXIS2_PLACEMENT_3D('',#2223,#2224,#2225);
#2223 = CARTESIAN_POINT('',(137.00000046611,-82.00000074938,3.2806));
#2224 = DIRECTION('',(0.,0.,-1.));
#2225 = DIRECTION('',(-0.980783081614,0.195101375751,0.));
#2226 = ORIENTED_EDGE('',*,*,#2227,.T.);
#2227 = EDGE_CURVE('',#2219,#2228,#2230,.T.);
#2228 = VERTEX_POINT('',#2229);
#2229 = CARTESIAN_POINT('',(142.738769,-81.925,3.2806));
#2230 = LINE('',#2231,#2232);
#2231 = CARTESIAN_POINT('',(137.,-81.925,3.2806));
#2232 = VECTOR('',#2233,1.);
#2233 = DIRECTION('',(1.,0.,0.));
#2234 = ORIENTED_EDGE('',*,*,#2235,.T.);
#2235 = EDGE_CURVE('',#2228,#2236,#2238,.T.);
#2236 = VERTEX_POINT('',#2237);
#2237 = CARTESIAN_POINT('',(142.738769,-70.075,3.2806));
#2238 = CIRCLE('',#2239,5.929809075459);
#2239 = AXIS2_PLACEMENT_3D('',#2240,#2241,#2242);
#2240 = CARTESIAN_POINT('',(142.49999992454,-76.,3.2806));
#2241 = DIRECTION('',(0.,-0.,1.));
#2242 = DIRECTION('',(4.026589598763E-02,-0.99918899995,-0.));
#2243 = ORIENTED_EDGE('',*,*,#2244,.T.);
#2244 = EDGE_CURVE('',#2236,#2245,#2247,.T.);
#2245 = VERTEX_POINT('',#2246);
#2246 = CARTESIAN_POINT('',(136.985368,-70.073559,3.2806));
#2247 = LINE('',#2248,#2249);
#2248 = CARTESIAN_POINT('',(142.738769,-70.075,3.2806));
#2249 = VECTOR('',#2250,1.);
#2250 = DIRECTION('',(-0.999999968635,2.504605458237E-04,0.));
#2251 = ORIENTED_EDGE('',*,*,#2252,.T.);
#2252 = EDGE_CURVE('',#2245,#2253,#2255,.T.);
#2253 = VERTEX_POINT('',#2254);
#2254 = CARTESIAN_POINT('',(136.925,-70.,3.2806));
#2255 = CIRCLE('',#2256,7.500074938991E-02);
#2256 = AXIS2_PLACEMENT_3D('',#2257,#2258,#2259);
#2257 = CARTESIAN_POINT('',(137.00000074938,-69.99999953389,3.2806));
#2258 = DIRECTION('',(0.,0.,-1.));
#2259 = DIRECTION('',(-0.195101375753,-0.980783081613,-0.));
#2260 = ORIENTED_EDGE('',*,*,#2261,.T.);
#2261 = EDGE_CURVE('',#2253,#2262,#2264,.T.);
#2262 = VERTEX_POINT('',#2263);
#2263 = CARTESIAN_POINT('',(136.925,-64.261231,3.2806));
#2264 = LINE('',#2265,#2266);
#2265 = CARTESIAN_POINT('',(136.925,-70.,3.2806));
#2266 = VECTOR('',#2267,1.);
#2267 = DIRECTION('',(0.,1.,0.));
#2268 = ORIENTED_EDGE('',*,*,#2269,.T.);
#2269 = EDGE_CURVE('',#2262,#2270,#2272,.T.);
#2270 = VERTEX_POINT('',#2271);
#2271 = CARTESIAN_POINT('',(125.075,-64.261231,3.2806));
#2272 = CIRCLE('',#2273,5.929809114366);
#2273 = AXIS2_PLACEMENT_3D('',#2274,#2275,#2276);
#2274 = CARTESIAN_POINT('',(131.,-64.5000010417,3.2806));
#2275 = DIRECTION('',(0.,0.,1.));
#2276 = DIRECTION('',(0.999188993394,4.02660586698E-02,-0.));
#2277 = ORIENTED_EDGE('',*,*,#2278,.T.);
#2278 = EDGE_CURVE('',#2270,#2149,#2279,.T.);
#2279 = LINE('',#2280,#2281);
#2280 = CARTESIAN_POINT('',(125.075,-64.261231,3.2806));
#2281 = VECTOR('',#2282,1.);
#2282 = DIRECTION('',(-2.504605458237E-04,-0.999999968635,0.));
#2283 = PLANE('',#2284);
#2284 = AXIS2_PLACEMENT_3D('',#2285,#2286,#2287);
#2285 = CARTESIAN_POINT('',(0.,0.,3.2806));
#2286 = DIRECTION('',(0.,0.,1.));
#2287 = DIRECTION('',(1.,0.,-0.));
#2288 = SHELL_BASED_SURFACE_MODEL('',(#2289));
#2289 = OPEN_SHELL('',(#2290));
#2290 = ADVANCED_FACE('',(#2291,#2302),#2313,.T.);
#2291 = FACE_BOUND('',#2292,.T.);
#2292 = EDGE_LOOP('',(#2293));
#2293 = ORIENTED_EDGE('',*,*,#2294,.T.);
#2294 = EDGE_CURVE('',#2295,#2295,#2297,.T.);
#2295 = VERTEX_POINT('',#2296);
#2296 = CARTESIAN_POINT('',(177.574999,-87.5,3.2806));
#2297 = CIRCLE('',#2298,3.574999);
#2298 = AXIS2_PLACEMENT_3D('',#2299,#2300,#2301);
#2299 = CARTESIAN_POINT('',(174.,-87.5,3.2806));
#2300 = DIRECTION('',(0.,0.,1.));
#2301 = DIRECTION('',(1.,0.,-0.));
#2302 = FACE_BOUND('',#2303,.F.);
#2303 = EDGE_LOOP('',(#2304));
#2304 = ORIENTED_EDGE('',*,*,#2305,.T.);
#2305 = EDGE_CURVE('',#2306,#2306,#2308,.T.);
#2306 = VERTEX_POINT('',#2307);
#2307 = CARTESIAN_POINT('',(177.429131,-87.5,3.2806));
#2308 = CIRCLE('',#2309,3.429131);
#2309 = AXIS2_PLACEMENT_3D('',#2310,#2311,#2312);
#2310 = CARTESIAN_POINT('',(174.,-87.5,3.2806));
#2311 = DIRECTION('',(0.,0.,1.));
#2312 = DIRECTION('',(1.,0.,-0.));
#2313 = PLANE('',#2314);
#2314 = AXIS2_PLACEMENT_3D('',#2315,#2316,#2317);
#2315 = CARTESIAN_POINT('',(0.,0.,3.2806));
#2316 = DIRECTION('',(0.,0.,1.));
#2317 = DIRECTION('',(1.,0.,-0.));
#2318 = SHELL_BASED_SURFACE_MODEL('',(#2319));
#2319 = OPEN_SHELL('',(#2320));
#2320 = ADVANCED_FACE('',(#2321,#2332),#2343,.T.);
#2321 = FACE_BOUND('',#2322,.T.);
#2322 = EDGE_LOOP('',(#2323));
#2323 = ORIENTED_EDGE('',*,*,#2324,.T.);
#2324 = EDGE_CURVE('',#2325,#2325,#2327,.T.);
#2325 = VERTEX_POINT('',#2326);
#2326 = CARTESIAN_POINT('',(166.074999,-76.,3.2806));
#2327 = CIRCLE('',#2328,3.574999);
#2328 = AXIS2_PLACEMENT_3D('',#2329,#2330,#2331);
#2329 = CARTESIAN_POINT('',(162.5,-76.,3.2806));
#2330 = DIRECTION('',(0.,0.,1.));
#2331 = DIRECTION('',(1.,0.,-0.));
#2332 = FACE_BOUND('',#2333,.F.);
#2333 = EDGE_LOOP('',(#2334));
#2334 = ORIENTED_EDGE('',*,*,#2335,.T.);
#2335 = EDGE_CURVE('',#2336,#2336,#2338,.T.);
#2336 = VERTEX_POINT('',#2337);
#2337 = CARTESIAN_POINT('',(165.929131,-76.,3.2806));
#2338 = CIRCLE('',#2339,3.429131);
#2339 = AXIS2_PLACEMENT_3D('',#2340,#2341,#2342);
#2340 = CARTESIAN_POINT('',(162.5,-76.,3.2806));
#2341 = DIRECTION('',(0.,0.,1.));
#2342 = DIRECTION('',(1.,0.,-0.));
#2343 = PLANE('',#2344);
#2344 = AXIS2_PLACEMENT_3D('',#2345,#2346,#2347);
#2345 = CARTESIAN_POINT('',(0.,0.,3.2806));
#2346 = DIRECTION('',(0.,0.,1.));
#2347 = DIRECTION('',(1.,0.,-0.));
#2348 = SHELL_BASED_SURFACE_MODEL('',(#2349));
#2349 = OPEN_SHELL('',(#2350));
#2350 = ADVANCED_FACE('',(#2351,#2362),#2373,.T.);
#2351 = FACE_BOUND('',#2352,.T.);
#2352 = EDGE_LOOP('',(#2353));
#2353 = ORIENTED_EDGE('',*,*,#2354,.T.);
#2354 = EDGE_CURVE('',#2355,#2355,#2357,.T.);
#2355 = VERTEX_POINT('',#2356);
#2356 = CARTESIAN_POINT('',(189.074999,-76.,3.2806));
#2357 = CIRCLE('',#2358,3.574999);
#2358 = AXIS2_PLACEMENT_3D('',#2359,#2360,#2361);
#2359 = CARTESIAN_POINT('',(185.5,-76.,3.2806));
#2360 = DIRECTION('',(0.,0.,1.));
#2361 = DIRECTION('',(1.,0.,-0.));
#2362 = FACE_BOUND('',#2363,.F.);
#2363 = EDGE_LOOP('',(#2364));
#2364 = ORIENTED_EDGE('',*,*,#2365,.T.);
#2365 = EDGE_CURVE('',#2366,#2366,#2368,.T.);
#2366 = VERTEX_POINT('',#2367);
#2367 = CARTESIAN_POINT('',(188.929131,-76.,3.2806));
#2368 = CIRCLE('',#2369,3.429131);
#2369 = AXIS2_PLACEMENT_3D('',#2370,#2371,#2372);
#2370 = CARTESIAN_POINT('',(185.5,-76.,3.2806));
#2371 = DIRECTION('',(0.,0.,1.));
#2372 = DIRECTION('',(1.,0.,-0.));
#2373 = PLANE('',#2374);
#2374 = AXIS2_PLACEMENT_3D('',#2375,#2376,#2377);
#2375 = CARTESIAN_POINT('',(0.,0.,3.2806));
#2376 = DIRECTION('',(0.,0.,1.));
#2377 = DIRECTION('',(1.,0.,-0.));
#2378 = SHELL_BASED_SURFACE_MODEL('',(#2379));
#2379 = OPEN_SHELL('',(#2380));
#2380 = ADVANCED_FACE('',(#2381),#2499,.T.);
#2381 = FACE_BOUND('',#2382,.F.);
#2382 = EDGE_LOOP('',(#2383,#2394,#2402,#2410,#2418,#2427,#2435,#2444,
    #2452,#2460,#2468,#2477,#2485,#2493));
#2383 = ORIENTED_EDGE('',*,*,#2384,.T.);
#2384 = EDGE_CURVE('',#2385,#2387,#2389,.T.);
#2385 = VERTEX_POINT('',#2386);
#2386 = CARTESIAN_POINT('',(177.196427,-76.242459,3.2806));
#2387 = VERTEX_POINT('',#2388);
#2388 = CARTESIAN_POINT('',(177.313095,-76.304819,3.2806));
#2389 = CIRCLE('',#2390,7.500000000004E-02);
#2390 = AXIS2_PLACEMENT_3D('',#2391,#2392,#2393);
#2391 = CARTESIAN_POINT('',(177.238095,-76.30481906555,3.2806));
#2392 = DIRECTION('',(0.,0.,-1.));
#2393 = DIRECTION('',(-0.555573333333,0.831467540731,0.));
#2394 = ORIENTED_EDGE('',*,*,#2395,.T.);
#2395 = EDGE_CURVE('',#2387,#2396,#2398,.T.);
#2396 = VERTEX_POINT('',#2397);
#2397 = CARTESIAN_POINT('',(177.313095,-76.706009,3.2806));
#2398 = LINE('',#2399,#2400);
#2399 = CARTESIAN_POINT('',(177.313095,-76.304819,3.2806));
#2400 = VECTOR('',#2401,1.);
#2401 = DIRECTION('',(0.,-1.,0.));
#2402 = ORIENTED_EDGE('',*,*,#2403,.T.);
#2403 = EDGE_CURVE('',#2396,#2404,#2406,.T.);
#2404 = VERTEX_POINT('',#2405);
#2405 = CARTESIAN_POINT('',(177.734523,-76.706009,3.2806));
#2406 = LINE('',#2407,#2408);
#2407 = CARTESIAN_POINT('',(177.313095,-76.706009,3.2806));
#2408 = VECTOR('',#2409,1.);
#2409 = DIRECTION('',(1.,0.,0.));
#2410 = ORIENTED_EDGE('',*,*,#2411,.T.);
#2411 = EDGE_CURVE('',#2404,#2412,#2414,.T.);
#2412 = VERTEX_POINT('',#2413);
#2413 = CARTESIAN_POINT('',(177.735964,-76.290187,3.2806));
#2414 = LINE('',#2415,#2416);
#2415 = CARTESIAN_POINT('',(177.734523,-76.706009,3.2806));
#2416 = VECTOR('',#2417,1.);
#2417 = DIRECTION('',(3.465404301528E-03,0.999993995468,0.));
#2418 = ORIENTED_EDGE('',*,*,#2419,.T.);
#2419 = EDGE_CURVE('',#2412,#2420,#2422,.T.);
#2420 = VERTEX_POINT('',#2421);
#2421 = CARTESIAN_POINT('',(177.884523,-76.304819,3.2806));
#2422 = CIRCLE('',#2423,7.500006711464E-02);
#2423 = AXIS2_PLACEMENT_3D('',#2424,#2425,#2426);
#2424 = CARTESIAN_POINT('',(177.80952293288,-76.30481893288,3.2806));
#2425 = DIRECTION('',(0.,0.,-1.));
#2426 = DIRECTION('',(-0.980784894138,0.195092263891,0.));
#2427 = ORIENTED_EDGE('',*,*,#2428,.T.);
#2428 = EDGE_CURVE('',#2420,#2429,#2431,.T.);
#2429 = VERTEX_POINT('',#2430);
#2430 = CARTESIAN_POINT('',(177.883082,-77.319451,3.2806));
#2431 = LINE('',#2432,#2433);
#2432 = CARTESIAN_POINT('',(177.884523,-76.304819,3.2806));
#2433 = VECTOR('',#2434,1.);
#2434 = DIRECTION('',(-1.420217918158E-03,-0.99999899149,0.));
#2435 = ORIENTED_EDGE('',*,*,#2436,.T.);
#2436 = EDGE_CURVE('',#2429,#2437,#2439,.T.);
#2437 = VERTEX_POINT('',#2438);
#2438 = CARTESIAN_POINT('',(177.734523,-77.304819,3.2806));
#2439 = CIRCLE('',#2440,7.500006711463E-02);
#2440 = AXIS2_PLACEMENT_3D('',#2441,#2442,#2443);
#2441 = CARTESIAN_POINT('',(177.80952306711,-77.30481906711,3.2806));
#2442 = DIRECTION('',(-0.,0.,-1.));
#2443 = DIRECTION('',(0.980784894138,-0.195092263891,-0.));
#2444 = ORIENTED_EDGE('',*,*,#2445,.T.);
#2445 = EDGE_CURVE('',#2437,#2446,#2448,.T.);
#2446 = VERTEX_POINT('',#2447);
#2447 = CARTESIAN_POINT('',(177.734523,-76.856009,3.2806));
#2448 = LINE('',#2449,#2450);
#2449 = CARTESIAN_POINT('',(177.734523,-77.304819,3.2806));
#2450 = VECTOR('',#2451,1.);
#2451 = DIRECTION('',(0.,1.,0.));
#2452 = ORIENTED_EDGE('',*,*,#2453,.T.);
#2453 = EDGE_CURVE('',#2446,#2454,#2456,.T.);
#2454 = VERTEX_POINT('',#2455);
#2455 = CARTESIAN_POINT('',(177.313095,-76.856009,3.2806));
#2456 = LINE('',#2457,#2458);
#2457 = CARTESIAN_POINT('',(177.734523,-76.856009,3.2806));
#2458 = VECTOR('',#2459,1.);
#2459 = DIRECTION('',(-1.,0.,0.));
#2460 = ORIENTED_EDGE('',*,*,#2461,.T.);
#2461 = EDGE_CURVE('',#2454,#2462,#2464,.T.);
#2462 = VERTEX_POINT('',#2463);
#2463 = CARTESIAN_POINT('',(177.311654,-77.319451,3.2806));
#2464 = LINE('',#2465,#2466);
#2465 = CARTESIAN_POINT('',(177.313095,-76.856009,3.2806));
#2466 = VECTOR('',#2467,1.);
#2467 = DIRECTION('',(-3.109327670448E-03,-0.999995166029,0.));
#2468 = ORIENTED_EDGE('',*,*,#2469,.T.);
#2469 = EDGE_CURVE('',#2462,#2470,#2472,.T.);
#2470 = VERTEX_POINT('',#2471);
#2471 = CARTESIAN_POINT('',(177.163095,-77.304819,3.2806));
#2472 = CIRCLE('',#2473,7.500006711464E-02);
#2473 = AXIS2_PLACEMENT_3D('',#2474,#2475,#2476);
#2474 = CARTESIAN_POINT('',(177.23809506711,-77.30481906711,3.2806));
#2475 = DIRECTION('',(-0.,0.,-1.));
#2476 = DIRECTION('',(0.980784894138,-0.195092263891,-0.));
#2477 = ORIENTED_EDGE('',*,*,#2478,.T.);
#2478 = EDGE_CURVE('',#2470,#2479,#2481,.T.);
#2479 = VERTEX_POINT('',#2480);
#2480 = CARTESIAN_POINT('',(177.164536,-76.290187,3.2806));
#2481 = LINE('',#2482,#2483);
#2482 = CARTESIAN_POINT('',(177.163095,-77.304819,3.2806));
#2483 = VECTOR('',#2484,1.);
#2484 = DIRECTION('',(1.420217918158E-03,0.99999899149,0.));
#2485 = ORIENTED_EDGE('',*,*,#2486,.T.);
#2486 = EDGE_CURVE('',#2479,#2487,#2489,.T.);
#2487 = VERTEX_POINT('',#2488);
#2488 = CARTESIAN_POINT('',(177.175735,-76.263151,3.2806));
#2489 = LINE('',#2490,#2491);
#2490 = CARTESIAN_POINT('',(177.164536,-76.290187,3.2806));
#2491 = VECTOR('',#2492,1.);
#2492 = DIRECTION('',(0.38269282806,0.923875640631,0.));
#2493 = ORIENTED_EDGE('',*,*,#2494,.T.);
#2494 = EDGE_CURVE('',#2487,#2385,#2495,.T.);
#2495 = LINE('',#2496,#2497);
#2496 = CARTESIAN_POINT('',(177.175735,-76.263151,3.2806));
#2497 = VECTOR('',#2498,1.);
#2498 = DIRECTION('',(0.707106781187,0.707106781187,0.));
#2499 = PLANE('',#2500);
#2500 = AXIS2_PLACEMENT_3D('',#2501,#2502,#2503);
#2501 = CARTESIAN_POINT('',(0.,0.,3.2806));
#2502 = DIRECTION('',(0.,0.,1.));
#2503 = DIRECTION('',(1.,0.,-0.));
#2504 = SHELL_BASED_SURFACE_MODEL('',(#2505));
#2505 = OPEN_SHELL('',(#2506));
#2506 = ADVANCED_FACE('',(#2507),#2642,.T.);
#2507 = FACE_BOUND('',#2508,.F.);
#2508 = EDGE_LOOP('',(#2509,#2520,#2528,#2536,#2544,#2553,#2561,#2569,
    #2578,#2586,#2594,#2603,#2611,#2619,#2628,#2636));
#2509 = ORIENTED_EDGE('',*,*,#2510,.T.);
#2510 = EDGE_CURVE('',#2511,#2513,#2515,.T.);
#2511 = VERTEX_POINT('',#2512);
#2512 = CARTESIAN_POINT('',(178.430207,-76.197951,3.2806));
#2513 = VERTEX_POINT('',#2514);
#2514 = CARTESIAN_POINT('',(178.547341,-76.280918,3.2806));
#2515 = CIRCLE('',#2516,7.499955990671E-02);
#2516 = AXIS2_PLACEMENT_3D('',#2517,#2518,#2519);
#2517 = CARTESIAN_POINT('',(178.47619050095,-76.25720006435,3.2806));
#2518 = DIRECTION('',(0.,0.,-1.));
#2519 = DIRECTION('',(-0.613116943749,0.78999216027,0.));
#2520 = ORIENTED_EDGE('',*,*,#2521,.T.);
#2521 = EDGE_CURVE('',#2513,#2522,#2524,.T.);
#2522 = VERTEX_POINT('',#2523);
#2523 = CARTESIAN_POINT('',(178.342152,-76.896485,3.2806));
#2524 = LINE('',#2525,#2526);
#2525 = CARTESIAN_POINT('',(178.547341,-76.280918,3.2806));
#2526 = VECTOR('',#2527,1.);
#2527 = DIRECTION('',(-0.316227766017,-0.948683298051,0.));
#2528 = ORIENTED_EDGE('',*,*,#2529,.T.);
#2529 = EDGE_CURVE('',#2522,#2530,#2532,.T.);
#2530 = VERTEX_POINT('',#2531);
#2531 = CARTESIAN_POINT('',(178.639285,-76.896485,3.2806));
#2532 = LINE('',#2533,#2534);
#2533 = CARTESIAN_POINT('',(178.342152,-76.896485,3.2806));
#2534 = VECTOR('',#2535,1.);
#2535 = DIRECTION('',(1.,0.,0.));
#2536 = ORIENTED_EDGE('',*,*,#2537,.T.);
#2537 = EDGE_CURVE('',#2530,#2538,#2540,.T.);
#2538 = VERTEX_POINT('',#2539);
#2539 = CARTESIAN_POINT('',(178.640726,-76.62352,3.2806));
#2540 = LINE('',#2541,#2542);
#2541 = CARTESIAN_POINT('',(178.639285,-76.896485,3.2806));
#2542 = VECTOR('',#2543,1.);
#2543 = DIRECTION('',(5.278991523254E-03,0.999986066027,0.));
#2544 = ORIENTED_EDGE('',*,*,#2545,.T.);
#2545 = EDGE_CURVE('',#2538,#2546,#2548,.T.);
#2546 = VERTEX_POINT('',#2547);
#2547 = CARTESIAN_POINT('',(178.789285,-76.638152,3.2806));
#2548 = CIRCLE('',#2549,7.500006711464E-02);
#2549 = AXIS2_PLACEMENT_3D('',#2550,#2551,#2552);
#2550 = CARTESIAN_POINT('',(178.71428493288,-76.63815193288,3.2806));
#2551 = DIRECTION('',(0.,0.,-1.));
#2552 = DIRECTION('',(-0.980784894138,0.195092263891,0.));
#2553 = ORIENTED_EDGE('',*,*,#2554,.T.);
#2554 = EDGE_CURVE('',#2546,#2555,#2557,.T.);
#2555 = VERTEX_POINT('',#2556);
#2556 = CARTESIAN_POINT('',(178.789285,-76.896485,3.2806));
#2557 = LINE('',#2558,#2559);
#2558 = CARTESIAN_POINT('',(178.789285,-76.638152,3.2806));
#2559 = VECTOR('',#2560,1.);
#2560 = DIRECTION('',(0.,-1.,0.));
#2561 = ORIENTED_EDGE('',*,*,#2562,.T.);
#2562 = EDGE_CURVE('',#2555,#2563,#2565,.T.);
#2563 = VERTEX_POINT('',#2564);
#2564 = CARTESIAN_POINT('',(178.871774,-76.897926,3.2806));
#2565 = LINE('',#2566,#2567);
#2566 = CARTESIAN_POINT('',(178.789285,-76.896485,3.2806));
#2567 = VECTOR('',#2568,1.);
#2568 = DIRECTION('',(0.999847452005,-1.746633100583E-02,0.));
#2569 = ORIENTED_EDGE('',*,*,#2570,.T.);
#2570 = EDGE_CURVE('',#2563,#2571,#2573,.T.);
#2571 = VERTEX_POINT('',#2572);
#2572 = CARTESIAN_POINT('',(178.857142,-77.046485,3.2806));
#2573 = CIRCLE('',#2574,7.500006711464E-02);
#2574 = AXIS2_PLACEMENT_3D('',#2575,#2576,#2577);
#2575 = CARTESIAN_POINT('',(178.85714206711,-76.97148493288,3.2806));
#2576 = DIRECTION('',(0.,0.,-1.));
#2577 = DIRECTION('',(0.195092263891,0.980784894138,0.));
#2578 = ORIENTED_EDGE('',*,*,#2579,.T.);
#2579 = EDGE_CURVE('',#2571,#2580,#2582,.T.);
#2580 = VERTEX_POINT('',#2581);
#2581 = CARTESIAN_POINT('',(178.789285,-77.046485,3.2806));
#2582 = LINE('',#2583,#2584);
#2583 = CARTESIAN_POINT('',(178.857142,-77.046485,3.2806));
#2584 = VECTOR('',#2585,1.);
#2585 = DIRECTION('',(-1.,0.,0.));
#2586 = ORIENTED_EDGE('',*,*,#2587,.T.);
#2587 = EDGE_CURVE('',#2580,#2588,#2590,.T.);
#2588 = VERTEX_POINT('',#2589);
#2589 = CARTESIAN_POINT('',(178.787844,-77.319451,3.2806));
#2590 = LINE('',#2591,#2592);
#2591 = CARTESIAN_POINT('',(178.789285,-77.046485,3.2806));
#2592 = VECTOR('',#2593,1.);
#2593 = DIRECTION('',(-5.278972184419E-03,-0.999986066129,0.));
#2594 = ORIENTED_EDGE('',*,*,#2595,.T.);
#2595 = EDGE_CURVE('',#2588,#2596,#2598,.T.);
#2596 = VERTEX_POINT('',#2597);
#2597 = CARTESIAN_POINT('',(178.639285,-77.304819,3.2806));
#2598 = CIRCLE('',#2599,7.500006711463E-02);
#2599 = AXIS2_PLACEMENT_3D('',#2600,#2601,#2602);
#2600 = CARTESIAN_POINT('',(178.71428506711,-77.30481906711,3.2806));
#2601 = DIRECTION('',(-0.,0.,-1.));
#2602 = DIRECTION('',(0.980784894138,-0.195092263891,-0.));
#2603 = ORIENTED_EDGE('',*,*,#2604,.T.);
#2604 = EDGE_CURVE('',#2596,#2605,#2607,.T.);
#2605 = VERTEX_POINT('',#2606);
#2606 = CARTESIAN_POINT('',(178.639285,-77.046485,3.2806));
#2607 = LINE('',#2608,#2609);
#2608 = CARTESIAN_POINT('',(178.639285,-77.304819,3.2806));
#2609 = VECTOR('',#2610,1.);
#2610 = DIRECTION('',(0.,1.,0.));
#2611 = ORIENTED_EDGE('',*,*,#2612,.T.);
#2612 = EDGE_CURVE('',#2605,#2613,#2615,.T.);
#2613 = VERTEX_POINT('',#2614);
#2614 = CARTESIAN_POINT('',(178.223463,-77.045044,3.2806));
#2615 = LINE('',#2616,#2617);
#2616 = CARTESIAN_POINT('',(178.639285,-77.046485,3.2806));
#2617 = VECTOR('',#2618,1.);
#2618 = DIRECTION('',(-0.999993995468,3.465404301528E-03,0.));
#2619 = ORIENTED_EDGE('',*,*,#2620,.T.);
#2620 = EDGE_CURVE('',#2613,#2621,#2623,.T.);
#2621 = VERTEX_POINT('',#2622);
#2622 = CARTESIAN_POINT('',(178.166944,-76.947768,3.2806));
#2623 = CIRCLE('',#2624,7.499997045039E-02);
#2624 = AXIS2_PLACEMENT_3D('',#2625,#2626,#2627);
#2625 = CARTESIAN_POINT('',(178.23809517257,-76.97148521335,3.2806));
#2626 = DIRECTION('',(0.,0.,-1.));
#2627 = DIRECTION('',(-0.195095711167,-0.980784208419,-0.));
#2628 = ORIENTED_EDGE('',*,*,#2629,.T.);
#2629 = EDGE_CURVE('',#2621,#2630,#2632,.T.);
#2630 = VERTEX_POINT('',#2631);
#2631 = CARTESIAN_POINT('',(178.411033,-76.220058,3.2806));
#2632 = LINE('',#2633,#2634);
#2633 = CARTESIAN_POINT('',(178.166944,-76.947768,3.2806));
#2634 = VECTOR('',#2635,1.);
#2635 = DIRECTION('',(0.318008317924,0.948087922996,0.));
#2636 = ORIENTED_EDGE('',*,*,#2637,.T.);
#2637 = EDGE_CURVE('',#2630,#2511,#2638,.T.);
#2638 = LINE('',#2639,#2640);
#2639 = CARTESIAN_POINT('',(178.411033,-76.220058,3.2806));
#2640 = VECTOR('',#2641,1.);
#2641 = DIRECTION('',(0.65521540373,0.755442105469,0.));
#2642 = PLANE('',#2643);
#2643 = AXIS2_PLACEMENT_3D('',#2644,#2645,#2646);
#2644 = CARTESIAN_POINT('',(0.,0.,3.2806));
#2645 = DIRECTION('',(0.,0.,1.));
#2646 = DIRECTION('',(1.,0.,-0.));
#2647 = SHELL_BASED_SURFACE_MODEL('',(#2648));
#2648 = OPEN_SHELL('',(#2649));
#2649 = ADVANCED_FACE('',(#2650),#2768,.T.);
#2650 = FACE_BOUND('',#2651,.F.);
#2651 = EDGE_LOOP('',(#2652,#2663,#2671,#2679,#2687,#2696,#2704,#2713,
    #2721,#2729,#2737,#2746,#2754,#2762));
#2652 = ORIENTED_EDGE('',*,*,#2653,.T.);
#2653 = EDGE_CURVE('',#2654,#2656,#2658,.T.);
#2654 = VERTEX_POINT('',#2655);
#2655 = CARTESIAN_POINT('',(169.196427,-68.242459,3.2806));
#2656 = VERTEX_POINT('',#2657);
#2657 = CARTESIAN_POINT('',(169.313095,-68.304819,3.2806));
#2658 = CIRCLE('',#2659,7.500000000004E-02);
#2659 = AXIS2_PLACEMENT_3D('',#2660,#2661,#2662);
#2660 = CARTESIAN_POINT('',(169.238095,-68.30481906555,3.2806));
#2661 = DIRECTION('',(0.,0.,-1.));
#2662 = DIRECTION('',(-0.555573333333,0.831467540731,0.));
#2663 = ORIENTED_EDGE('',*,*,#2664,.T.);
#2664 = EDGE_CURVE('',#2656,#2665,#2667,.T.);
#2665 = VERTEX_POINT('',#2666);
#2666 = CARTESIAN_POINT('',(169.313095,-68.706009,3.2806));
#2667 = LINE('',#2668,#2669);
#2668 = CARTESIAN_POINT('',(169.313095,-68.304819,3.2806));
#2669 = VECTOR('',#2670,1.);
#2670 = DIRECTION('',(0.,-1.,0.));
#2671 = ORIENTED_EDGE('',*,*,#2672,.T.);
#2672 = EDGE_CURVE('',#2665,#2673,#2675,.T.);
#2673 = VERTEX_POINT('',#2674);
#2674 = CARTESIAN_POINT('',(169.734523,-68.706009,3.2806));
#2675 = LINE('',#2676,#2677);
#2676 = CARTESIAN_POINT('',(169.313095,-68.706009,3.2806));
#2677 = VECTOR('',#2678,1.);
#2678 = DIRECTION('',(1.,0.,0.));
#2679 = ORIENTED_EDGE('',*,*,#2680,.T.);
#2680 = EDGE_CURVE('',#2673,#2681,#2683,.T.);
#2681 = VERTEX_POINT('',#2682);
#2682 = CARTESIAN_POINT('',(169.735964,-68.290187,3.2806));
#2683 = LINE('',#2684,#2685);
#2684 = CARTESIAN_POINT('',(169.734523,-68.706009,3.2806));
#2685 = VECTOR('',#2686,1.);
#2686 = DIRECTION('',(3.465404301528E-03,0.999993995468,0.));
#2687 = ORIENTED_EDGE('',*,*,#2688,.T.);
#2688 = EDGE_CURVE('',#2681,#2689,#2691,.T.);
#2689 = VERTEX_POINT('',#2690);
#2690 = CARTESIAN_POINT('',(169.884523,-68.304819,3.2806));
#2691 = CIRCLE('',#2692,7.500006711464E-02);
#2692 = AXIS2_PLACEMENT_3D('',#2693,#2694,#2695);
#2693 = CARTESIAN_POINT('',(169.80952293288,-68.30481893288,3.2806));
#2694 = DIRECTION('',(0.,0.,-1.));
#2695 = DIRECTION('',(-0.980784894138,0.195092263891,0.));
#2696 = ORIENTED_EDGE('',*,*,#2697,.T.);
#2697 = EDGE_CURVE('',#2689,#2698,#2700,.T.);
#2698 = VERTEX_POINT('',#2699);
#2699 = CARTESIAN_POINT('',(169.883082,-69.319451,3.2806));
#2700 = LINE('',#2701,#2702);
#2701 = CARTESIAN_POINT('',(169.884523,-68.304819,3.2806));
#2702 = VECTOR('',#2703,1.);
#2703 = DIRECTION('',(-1.420217918158E-03,-0.99999899149,0.));
#2704 = ORIENTED_EDGE('',*,*,#2705,.T.);
#2705 = EDGE_CURVE('',#2698,#2706,#2708,.T.);
#2706 = VERTEX_POINT('',#2707);
#2707 = CARTESIAN_POINT('',(169.734523,-69.304819,3.2806));
#2708 = CIRCLE('',#2709,7.500006711463E-02);
#2709 = AXIS2_PLACEMENT_3D('',#2710,#2711,#2712);
#2710 = CARTESIAN_POINT('',(169.80952306711,-69.30481906711,3.2806));
#2711 = DIRECTION('',(-0.,0.,-1.));
#2712 = DIRECTION('',(0.980784894138,-0.195092263891,-0.));
#2713 = ORIENTED_EDGE('',*,*,#2714,.T.);
#2714 = EDGE_CURVE('',#2706,#2715,#2717,.T.);
#2715 = VERTEX_POINT('',#2716);
#2716 = CARTESIAN_POINT('',(169.734523,-68.856009,3.2806));
#2717 = LINE('',#2718,#2719);
#2718 = CARTESIAN_POINT('',(169.734523,-69.304819,3.2806));
#2719 = VECTOR('',#2720,1.);
#2720 = DIRECTION('',(0.,1.,0.));
#2721 = ORIENTED_EDGE('',*,*,#2722,.T.);
#2722 = EDGE_CURVE('',#2715,#2723,#2725,.T.);
#2723 = VERTEX_POINT('',#2724);
#2724 = CARTESIAN_POINT('',(169.313095,-68.856009,3.2806));
#2725 = LINE('',#2726,#2727);
#2726 = CARTESIAN_POINT('',(169.734523,-68.856009,3.2806));
#2727 = VECTOR('',#2728,1.);
#2728 = DIRECTION('',(-1.,0.,0.));
#2729 = ORIENTED_EDGE('',*,*,#2730,.T.);
#2730 = EDGE_CURVE('',#2723,#2731,#2733,.T.);
#2731 = VERTEX_POINT('',#2732);
#2732 = CARTESIAN_POINT('',(169.311654,-69.319451,3.2806));
#2733 = LINE('',#2734,#2735);
#2734 = CARTESIAN_POINT('',(169.313095,-68.856009,3.2806));
#2735 = VECTOR('',#2736,1.);
#2736 = DIRECTION('',(-3.109327670448E-03,-0.999995166029,0.));
#2737 = ORIENTED_EDGE('',*,*,#2738,.T.);
#2738 = EDGE_CURVE('',#2731,#2739,#2741,.T.);
#2739 = VERTEX_POINT('',#2740);
#2740 = CARTESIAN_POINT('',(169.163095,-69.304819,3.2806));
#2741 = CIRCLE('',#2742,7.500006711464E-02);
#2742 = AXIS2_PLACEMENT_3D('',#2743,#2744,#2745);
#2743 = CARTESIAN_POINT('',(169.23809506711,-69.30481906711,3.2806));
#2744 = DIRECTION('',(-0.,0.,-1.));
#2745 = DIRECTION('',(0.980784894138,-0.195092263891,-0.));
#2746 = ORIENTED_EDGE('',*,*,#2747,.T.);
#2747 = EDGE_CURVE('',#2739,#2748,#2750,.T.);
#2748 = VERTEX_POINT('',#2749);
#2749 = CARTESIAN_POINT('',(169.164536,-68.290187,3.2806));
#2750 = LINE('',#2751,#2752);
#2751 = CARTESIAN_POINT('',(169.163095,-69.304819,3.2806));
#2752 = VECTOR('',#2753,1.);
#2753 = DIRECTION('',(1.420217918158E-03,0.99999899149,0.));
#2754 = ORIENTED_EDGE('',*,*,#2755,.T.);
#2755 = EDGE_CURVE('',#2748,#2756,#2758,.T.);
#2756 = VERTEX_POINT('',#2757);
#2757 = CARTESIAN_POINT('',(169.175735,-68.263151,3.2806));
#2758 = LINE('',#2759,#2760);
#2759 = CARTESIAN_POINT('',(169.164536,-68.290187,3.2806));
#2760 = VECTOR('',#2761,1.);
#2761 = DIRECTION('',(0.38269282806,0.923875640631,0.));
#2762 = ORIENTED_EDGE('',*,*,#2763,.T.);
#2763 = EDGE_CURVE('',#2756,#2654,#2764,.T.);
#2764 = LINE('',#2765,#2766);
#2765 = CARTESIAN_POINT('',(169.175735,-68.263151,3.2806));
#2766 = VECTOR('',#2767,1.);
#2767 = DIRECTION('',(0.707106781187,0.707106781187,0.));
#2768 = PLANE('',#2769);
#2769 = AXIS2_PLACEMENT_3D('',#2770,#2771,#2772);
#2770 = CARTESIAN_POINT('',(0.,0.,3.2806));
#2771 = DIRECTION('',(0.,0.,1.));
#2772 = DIRECTION('',(1.,0.,-0.));
#2773 = SHELL_BASED_SURFACE_MODEL('',(#2774));
#2774 = OPEN_SHELL('',(#2775));
#2775 = ADVANCED_FACE('',(#2776),#2962,.T.);
#2776 = FACE_BOUND('',#2777,.F.);
#2777 = EDGE_LOOP('',(#2778,#2789,#2797,#2806,#2814,#2822,#2831,#2839,
    #2848,#2856,#2864,#2872,#2881,#2889,#2898,#2906,#2915,#2923,#2931,
    #2939,#2948,#2956));
#2778 = ORIENTED_EDGE('',*,*,#2779,.T.);
#2779 = EDGE_CURVE('',#2780,#2782,#2784,.T.);
#2780 = VERTEX_POINT('',#2781);
#2781 = CARTESIAN_POINT('',(170.175844,-68.378378,3.2806));
#2782 = VERTEX_POINT('',#2783);
#2783 = CARTESIAN_POINT('',(170.190476,-68.229819,3.2806));
#2784 = CIRCLE('',#2785,7.500006711463E-02);
#2785 = AXIS2_PLACEMENT_3D('',#2786,#2787,#2788);
#2786 = CARTESIAN_POINT('',(170.19047593288,-68.30481906711,3.2806));
#2787 = DIRECTION('',(0.,0.,-1.));
#2788 = DIRECTION('',(-0.195092263891,-0.980784894138,-0.));
#2789 = ORIENTED_EDGE('',*,*,#2790,.T.);
#2790 = EDGE_CURVE('',#2782,#2791,#2793,.T.);
#2791 = VERTEX_POINT('',#2792);
#2792 = CARTESIAN_POINT('',(170.817261,-68.230581,3.2806));
#2793 = LINE('',#2794,#2795);
#2794 = CARTESIAN_POINT('',(170.190476,-68.229819,3.2806));
#2795 = VECTOR('',#2796,1.);
#2796 = DIRECTION('',(0.999999261004,-1.215726982744E-03,0.));
#2797 = ORIENTED_EDGE('',*,*,#2798,.T.);
#2798 = EDGE_CURVE('',#2791,#2799,#2801,.T.);
#2799 = VERTEX_POINT('',#2800);
#2800 = CARTESIAN_POINT('',(170.883082,-68.319451,3.2806));
#2801 = CIRCLE('',#2802,7.447391611626E-02);
#2802 = AXIS2_PLACEMENT_3D('',#2803,#2804,#2805);
#2803 = CARTESIAN_POINT('',(170.81008192664,-68.3047080874,3.2806));
#2804 = DIRECTION('',(0.,0.,-1.));
#2805 = DIRECTION('',(9.639715124814E-02,0.995342950561,0.));
#2806 = ORIENTED_EDGE('',*,*,#2807,.T.);
#2807 = EDGE_CURVE('',#2799,#2808,#2810,.T.);
#2808 = VERTEX_POINT('',#2809);
#2809 = CARTESIAN_POINT('',(170.865966,-68.354207,3.2806));
#2810 = LINE('',#2811,#2812);
#2811 = CARTESIAN_POINT('',(170.883082,-68.319451,3.2806));
#2812 = VECTOR('',#2813,1.);
#2813 = DIRECTION('',(-0.441795255027,-0.897115908139,0.));
#2814 = ORIENTED_EDGE('',*,*,#2815,.T.);
#2815 = EDGE_CURVE('',#2808,#2816,#2818,.T.);
#2816 = VERTEX_POINT('',#2817);
#2817 = CARTESIAN_POINT('',(170.63907,-68.613516,3.2806));
#2818 = LINE('',#2819,#2820);
#2819 = CARTESIAN_POINT('',(170.865966,-68.354207,3.2806));
#2820 = VECTOR('',#2821,1.);
#2821 = DIRECTION('',(-0.658505635208,-0.752575795784,0.));
#2822 = ORIENTED_EDGE('',*,*,#2823,.T.);
#2823 = EDGE_CURVE('',#2816,#2824,#2826,.T.);
#2824 = VERTEX_POINT('',#2825);
#2825 = CARTESIAN_POINT('',(170.883082,-68.861615,3.2806));
#2826 = CIRCLE('',#2827,0.348520834816);
#2827 = AXIS2_PLACEMENT_3D('',#2828,#2829,#2830);
#2828 = CARTESIAN_POINT('',(170.5457766174,-68.94931819931,3.2806));
#2829 = DIRECTION('',(0.,0.,-1.));
#2830 = DIRECTION('',(0.267683803321,0.963506814423,0.));
#2831 = ORIENTED_EDGE('',*,*,#2832,.T.);
#2832 = EDGE_CURVE('',#2824,#2833,#2835,.T.);
#2833 = VERTEX_POINT('',#2834);
#2834 = CARTESIAN_POINT('',(170.88186,-69.134152,3.2806));
#2835 = LINE('',#2836,#2837);
#2836 = CARTESIAN_POINT('',(170.883082,-68.861615,3.2806));
#2837 = VECTOR('',#2838,1.);
#2838 = DIRECTION('',(-4.483749789568E-03,-0.999989947943,0.));
#2839 = ORIENTED_EDGE('',*,*,#2840,.T.);
#2840 = EDGE_CURVE('',#2833,#2841,#2843,.T.);
#2841 = VERTEX_POINT('',#2842);
#2842 = CARTESIAN_POINT('',(170.633679,-69.378378,3.2806));
#2843 = CIRCLE('',#2844,0.348635327447);
#2844 = AXIS2_PLACEMENT_3D('',#2845,#2846,#2847);
#2845 = CARTESIAN_POINT('',(170.54590748129,-69.04097208415,3.2806));
#2846 = DIRECTION('',(0.,0.,-1.));
#2847 = DIRECTION('',(0.963621561732,-0.267270435637,0.));
#2848 = ORIENTED_EDGE('',*,*,#2849,.T.);
#2849 = EDGE_CURVE('',#2841,#2850,#2852,.T.);
#2850 = VERTEX_POINT('',#2851);
#2851 = CARTESIAN_POINT('',(170.313523,-69.377156,3.2806));
#2852 = LINE('',#2853,#2854);
#2853 = CARTESIAN_POINT('',(170.633679,-69.378378,3.2806));
#2854 = VECTOR('',#2855,1.);
#2855 = DIRECTION('',(-0.999992715758,3.816861463332E-03,0.));
#2856 = ORIENTED_EDGE('',*,*,#2857,.T.);
#2857 = EDGE_CURVE('',#2850,#2858,#2860,.T.);
#2858 = VERTEX_POINT('',#2859);
#2859 = CARTESIAN_POINT('',(170.19081,-69.31495,3.2806));
#2860 = LINE('',#2861,#2862);
#2861 = CARTESIAN_POINT('',(170.313523,-69.377156,3.2806));
#2862 = VECTOR('',#2863,1.);
#2863 = DIRECTION('',(-0.891943702445,0.452146471477,0.));
#2864 = ORIENTED_EDGE('',*,*,#2865,.T.);
#2865 = EDGE_CURVE('',#2858,#2866,#2868,.T.);
#2866 = VERTEX_POINT('',#2867);
#2867 = CARTESIAN_POINT('',(170.128115,-69.251247,3.2806));
#2868 = LINE('',#2869,#2870);
#2869 = CARTESIAN_POINT('',(170.19081,-69.31495,3.2806));
#2870 = VECTOR('',#2871,1.);
#2871 = DIRECTION('',(-0.701445434384,0.712723159846,0.));
#2872 = ORIENTED_EDGE('',*,*,#2873,.T.);
#2873 = EDGE_CURVE('',#2866,#2874,#2876,.T.);
#2874 = VERTEX_POINT('',#2875);
#2875 = CARTESIAN_POINT('',(170.24351,-69.156548,3.2806));
#2876 = CIRCLE('',#2877,7.500012668039E-02);
#2877 = AXIS2_PLACEMENT_3D('',#2878,#2879,#2880);
#2878 = CARTESIAN_POINT('',(170.19047605199,-69.20958024831,3.2806));
#2879 = DIRECTION('',(0.,0.,-1.));
#2880 = DIRECTION('',(-0.831479288827,-0.555555750804,-0.));
#2881 = ORIENTED_EDGE('',*,*,#2882,.T.);
#2882 = EDGE_CURVE('',#2874,#2883,#2885,.T.);
#2883 = VERTEX_POINT('',#2884);
#2884 = CARTESIAN_POINT('',(170.282522,-69.195561,3.2806));
#2885 = LINE('',#2886,#2887);
#2886 = CARTESIAN_POINT('',(170.24351,-69.156548,3.2806));
#2887 = VECTOR('',#2888,1.);
#2888 = DIRECTION('',(0.707097718562,-0.707115843695,0.));
#2889 = ORIENTED_EDGE('',*,*,#2890,.T.);
#2890 = EDGE_CURVE('',#2883,#2891,#2893,.T.);
#2891 = VERTEX_POINT('',#2892);
#2892 = CARTESIAN_POINT('',(170.669857,-69.195561,3.2806));
#2893 = CIRCLE('',#2894,0.358502380266);
#2894 = AXIS2_PLACEMENT_3D('',#2895,#2896,#2897);
#2895 = CARTESIAN_POINT('',(170.4761895,-68.893871,3.2806));
#2896 = DIRECTION('',(0.,0.,1.));
#2897 = DIRECTION('',(-0.540212591773,-0.841528582812,0.));
#2898 = ORIENTED_EDGE('',*,*,#2899,.T.);
#2899 = EDGE_CURVE('',#2891,#2900,#2902,.T.);
#2900 = VERTEX_POINT('',#2901);
#2901 = CARTESIAN_POINT('',(170.700264,-69.165153,3.2806));
#2902 = LINE('',#2903,#2904);
#2903 = CARTESIAN_POINT('',(170.669857,-69.195561,3.2806));
#2904 = VECTOR('',#2905,1.);
#2905 = DIRECTION('',(0.707095153914,0.707118408268,0.));
#2906 = ORIENTED_EDGE('',*,*,#2907,.T.);
#2907 = EDGE_CURVE('',#2900,#2908,#2910,.T.);
#2908 = VERTEX_POINT('',#2909);
#2909 = CARTESIAN_POINT('',(170.700265,-68.825436,3.2806));
#2910 = CIRCLE('',#2911,0.305616146029);
#2911 = AXIS2_PLACEMENT_3D('',#2912,#2913,#2914);
#2912 = CARTESIAN_POINT('',(170.44619892049,-68.99529375212,3.2806));
#2913 = DIRECTION('',(0.,-0.,1.));
#2914 = DIRECTION('',(0.831320867071,-0.555792781505,-0.));
#2915 = ORIENTED_EDGE('',*,*,#2916,.T.);
#2916 = EDGE_CURVE('',#2908,#2917,#2919,.T.);
#2917 = VERTEX_POINT('',#2918);
#2918 = CARTESIAN_POINT('',(170.669858,-68.795029,3.2806));
#2919 = LINE('',#2920,#2921);
#2920 = CARTESIAN_POINT('',(170.700265,-68.825436,3.2806));
#2921 = VECTOR('',#2922,1.);
#2922 = DIRECTION('',(-0.707106781187,0.707106781187,0.));
#2923 = ORIENTED_EDGE('',*,*,#2924,.T.);
#2924 = EDGE_CURVE('',#2917,#2925,#2927,.T.);
#2925 = VERTEX_POINT('',#2926);
#2926 = CARTESIAN_POINT('',(170.601342,-68.760771,3.2806));
#2927 = LINE('',#2928,#2929);
#2928 = CARTESIAN_POINT('',(170.669858,-68.795029,3.2806));
#2929 = VECTOR('',#2930,1.);
#2930 = DIRECTION('',(-0.894427191,0.4472135955,0.));
#2931 = ORIENTED_EDGE('',*,*,#2932,.T.);
#2932 = EDGE_CURVE('',#2925,#2933,#2935,.T.);
#2933 = VERTEX_POINT('',#2934);
#2934 = CARTESIAN_POINT('',(170.461558,-68.75933,3.2806));
#2935 = LINE('',#2936,#2937);
#2936 = CARTESIAN_POINT('',(170.601342,-68.760771,3.2806));
#2937 = VECTOR('',#2938,1.);
#2938 = DIRECTION('',(-0.999946868947,1.030821437469E-02,0.));
#2939 = ORIENTED_EDGE('',*,*,#2940,.T.);
#2940 = EDGE_CURVE('',#2933,#2941,#2943,.T.);
#2941 = VERTEX_POINT('',#2942);
#2942 = CARTESIAN_POINT('',(170.419747,-68.636383,3.2806));
#2943 = CIRCLE('',#2944,7.500015628756E-02);
#2944 = AXIS2_PLACEMENT_3D('',#2945,#2946,#2947);
#2945 = CARTESIAN_POINT('',(170.47619028432,-68.6857710461,3.2806));
#2946 = DIRECTION('',(0.,0.,-1.));
#2947 = DIRECTION('',(-0.195096717785,-0.980784008184,-0.));
#2948 = ORIENTED_EDGE('',*,*,#2949,.T.);
#2949 = EDGE_CURVE('',#2941,#2950,#2952,.T.);
#2950 = VERTEX_POINT('',#2951);
#2951 = CARTESIAN_POINT('',(170.644241,-68.379819,3.2806));
#2952 = LINE('',#2953,#2954);
#2953 = CARTESIAN_POINT('',(170.419747,-68.636383,3.2806));
#2954 = VECTOR('',#2955,1.);
#2955 = DIRECTION('',(0.658505438534,0.752575967874,0.));
#2956 = ORIENTED_EDGE('',*,*,#2957,.T.);
#2957 = EDGE_CURVE('',#2950,#2780,#2958,.T.);
#2958 = LINE('',#2959,#2960);
#2959 = CARTESIAN_POINT('',(170.644241,-68.379819,3.2806));
#2960 = VECTOR('',#2961,1.);
#2961 = DIRECTION('',(-0.999995267761,3.076435546862E-03,0.));
#2962 = PLANE('',#2963);
#2963 = AXIS2_PLACEMENT_3D('',#2964,#2965,#2966);
#2964 = CARTESIAN_POINT('',(0.,0.,3.2806));
#2965 = DIRECTION('',(0.,0.,1.));
#2966 = DIRECTION('',(1.,0.,-0.));
#2967 = SHELL_BASED_SURFACE_MODEL('',(#2968));
#2968 = OPEN_SHELL('',(#2969));
#2969 = ADVANCED_FACE('',(#2970,#2981),#2992,.T.);
#2970 = FACE_BOUND('',#2971,.T.);
#2971 = EDGE_LOOP('',(#2972));
#2972 = ORIENTED_EDGE('',*,*,#2973,.T.);
#2973 = EDGE_CURVE('',#2974,#2974,#2976,.T.);
#2974 = VERTEX_POINT('',#2975);
#2975 = CARTESIAN_POINT('',(177.574999,-64.5,3.2806));
#2976 = CIRCLE('',#2977,3.574999);
#2977 = AXIS2_PLACEMENT_3D('',#2978,#2979,#2980);
#2978 = CARTESIAN_POINT('',(174.,-64.5,3.2806));
#2979 = DIRECTION('',(0.,0.,1.));
#2980 = DIRECTION('',(1.,0.,-0.));
#2981 = FACE_BOUND('',#2982,.F.);
#2982 = EDGE_LOOP('',(#2983));
#2983 = ORIENTED_EDGE('',*,*,#2984,.T.);
#2984 = EDGE_CURVE('',#2985,#2985,#2987,.T.);
#2985 = VERTEX_POINT('',#2986);
#2986 = CARTESIAN_POINT('',(177.429131,-64.5,3.2806));
#2987 = CIRCLE('',#2988,3.429131);
#2988 = AXIS2_PLACEMENT_3D('',#2989,#2990,#2991);
#2989 = CARTESIAN_POINT('',(174.,-64.5,3.2806));
#2990 = DIRECTION('',(0.,0.,1.));
#2991 = DIRECTION('',(1.,0.,-0.));
#2992 = PLANE('',#2993);
#2993 = AXIS2_PLACEMENT_3D('',#2994,#2995,#2996);
#2994 = CARTESIAN_POINT('',(0.,0.,3.2806));
#2995 = DIRECTION('',(0.,0.,1.));
#2996 = DIRECTION('',(1.,0.,-0.));
#2997 = SHELL_BASED_SURFACE_MODEL('',(#2998));
#2998 = OPEN_SHELL('',(#2999));
#2999 = ADVANCED_FACE('',(#3000,#3102),#3240,.T.);
#3000 = FACE_BOUND('',#3001,.F.);
#3001 = EDGE_LOOP('',(#3002,#3012,#3021,#3029,#3037,#3046,#3054,#3062,
    #3071,#3079,#3087,#3096));
#3002 = ORIENTED_EDGE('',*,*,#3003,.T.);
#3003 = EDGE_CURVE('',#3004,#3006,#3008,.T.);
#3004 = VERTEX_POINT('',#3005);
#3005 = CARTESIAN_POINT('',(180.075,-69.925,3.2806));
#3006 = VERTEX_POINT('',#3007);
#3007 = CARTESIAN_POINT('',(185.5,-69.925,3.2806));
#3008 = LINE('',#3009,#3010);
#3009 = CARTESIAN_POINT('',(180.075,-69.925,3.2806));
#3010 = VECTOR('',#3011,1.);
#3011 = DIRECTION('',(1.,0.,0.));
#3012 = ORIENTED_EDGE('',*,*,#3013,.T.);
#3013 = EDGE_CURVE('',#3006,#3014,#3016,.T.);
#3014 = VERTEX_POINT('',#3015);
#3015 = CARTESIAN_POINT('',(185.5,-82.075,3.2806));
#3016 = CIRCLE('',#3017,6.075);
#3017 = AXIS2_PLACEMENT_3D('',#3018,#3019,#3020);
#3018 = CARTESIAN_POINT('',(185.5,-76.,3.2806));
#3019 = DIRECTION('',(0.,0.,-1.));
#3020 = DIRECTION('',(0.,1.,0.));
#3021 = ORIENTED_EDGE('',*,*,#3022,.T.);
#3022 = EDGE_CURVE('',#3014,#3023,#3025,.T.);
#3023 = VERTEX_POINT('',#3024);
#3024 = CARTESIAN_POINT('',(180.075,-82.075,3.2806));
#3025 = LINE('',#3026,#3027);
#3026 = CARTESIAN_POINT('',(185.5,-82.075,3.2806));
#3027 = VECTOR('',#3028,1.);
#3028 = DIRECTION('',(-1.,0.,0.));
#3029 = ORIENTED_EDGE('',*,*,#3030,.T.);
#3030 = EDGE_CURVE('',#3023,#3031,#3033,.T.);
#3031 = VERTEX_POINT('',#3032);
#3032 = CARTESIAN_POINT('',(180.075,-87.5,3.2806));
#3033 = LINE('',#3034,#3035);
#3034 = CARTESIAN_POINT('',(180.075,-82.075,3.2806));
#3035 = VECTOR('',#3036,1.);
#3036 = DIRECTION('',(0.,-1.,0.));
#3037 = ORIENTED_EDGE('',*,*,#3038,.T.);
#3038 = EDGE_CURVE('',#3031,#3039,#3041,.T.);
#3039 = VERTEX_POINT('',#3040);
#3040 = CARTESIAN_POINT('',(167.925,-87.5,3.2806));
#3041 = CIRCLE('',#3042,6.075);
#3042 = AXIS2_PLACEMENT_3D('',#3043,#3044,#3045);
#3043 = CARTESIAN_POINT('',(174.,-87.5,3.2806));
#3044 = DIRECTION('',(0.,0.,-1.));
#3045 = DIRECTION('',(1.,2.339235344066E-15,0.));
#3046 = ORIENTED_EDGE('',*,*,#3047,.T.);
#3047 = EDGE_CURVE('',#3039,#3048,#3050,.T.);
#3048 = VERTEX_POINT('',#3049);
#3049 = CARTESIAN_POINT('',(167.925,-82.075,3.2806));
#3050 = LINE('',#3051,#3052);
#3051 = CARTESIAN_POINT('',(167.925,-87.5,3.2806));
#3052 = VECTOR('',#3053,1.);
#3053 = DIRECTION('',(0.,1.,0.));
#3054 = ORIENTED_EDGE('',*,*,#3055,.T.);
#3055 = EDGE_CURVE('',#3048,#3056,#3058,.T.);
#3056 = VERTEX_POINT('',#3057);
#3057 = CARTESIAN_POINT('',(162.5,-82.075,3.2806));
#3058 = LINE('',#3059,#3060);
#3059 = CARTESIAN_POINT('',(167.925,-82.075,3.2806));
#3060 = VECTOR('',#3061,1.);
#3061 = DIRECTION('',(-1.,0.,0.));
#3062 = ORIENTED_EDGE('',*,*,#3063,.T.);
#3063 = EDGE_CURVE('',#3056,#3064,#3066,.T.);
#3064 = VERTEX_POINT('',#3065);
#3065 = CARTESIAN_POINT('',(162.5,-69.925,3.2806));
#3066 = CIRCLE('',#3067,6.075);
#3067 = AXIS2_PLACEMENT_3D('',#3068,#3069,#3070);
#3068 = CARTESIAN_POINT('',(162.5,-76.,3.2806));
#3069 = DIRECTION('',(0.,0.,-1.));
#3070 = DIRECTION('',(0.,-1.,0.));
#3071 = ORIENTED_EDGE('',*,*,#3072,.T.);
#3072 = EDGE_CURVE('',#3064,#3073,#3075,.T.);
#3073 = VERTEX_POINT('',#3074);
#3074 = CARTESIAN_POINT('',(167.925,-69.925,3.2806));
#3075 = LINE('',#3076,#3077);
#3076 = CARTESIAN_POINT('',(162.5,-69.925,3.2806));
#3077 = VECTOR('',#3078,1.);
#3078 = DIRECTION('',(1.,0.,0.));
#3079 = ORIENTED_EDGE('',*,*,#3080,.T.);
#3080 = EDGE_CURVE('',#3073,#3081,#3083,.T.);
#3081 = VERTEX_POINT('',#3082);
#3082 = CARTESIAN_POINT('',(167.925,-64.5,3.2806));
#3083 = LINE('',#3084,#3085);
#3084 = CARTESIAN_POINT('',(167.925,-69.925,3.2806));
#3085 = VECTOR('',#3086,1.);
#3086 = DIRECTION('',(0.,1.,0.));
#3087 = ORIENTED_EDGE('',*,*,#3088,.T.);
#3088 = EDGE_CURVE('',#3081,#3089,#3091,.T.);
#3089 = VERTEX_POINT('',#3090);
#3090 = CARTESIAN_POINT('',(180.075,-64.5,3.2806));
#3091 = CIRCLE('',#3092,6.075);
#3092 = AXIS2_PLACEMENT_3D('',#3093,#3094,#3095);
#3093 = CARTESIAN_POINT('',(174.,-64.5000001758,3.2806));
#3094 = DIRECTION('',(0.,0.,-1.));
#3095 = DIRECTION('',(-1.,2.893896816739E-08,0.));
#3096 = ORIENTED_EDGE('',*,*,#3097,.T.);
#3097 = EDGE_CURVE('',#3089,#3004,#3098,.T.);
#3098 = LINE('',#3099,#3100);
#3099 = CARTESIAN_POINT('',(180.075,-64.5,3.2806));
#3100 = VECTOR('',#3101,1.);
#3101 = DIRECTION('',(0.,-1.,0.));
#3102 = FACE_BOUND('',#3103,.F.);
#3103 = EDGE_LOOP('',(#3104,#3115,#3123,#3132,#3140,#3149,#3157,#3166,
    #3174,#3183,#3191,#3200,#3208,#3217,#3225,#3234));
#3104 = ORIENTED_EDGE('',*,*,#3105,.T.);
#3105 = EDGE_CURVE('',#3106,#3108,#3110,.T.);
#3106 = VERTEX_POINT('',#3107);
#3107 = CARTESIAN_POINT('',(168.073559,-70.014632,3.2806));
#3108 = VERTEX_POINT('',#3109);
#3109 = CARTESIAN_POINT('',(168.,-70.075,3.2806));
#3110 = CIRCLE('',#3111,7.500074938978E-02);
#3111 = AXIS2_PLACEMENT_3D('',#3112,#3113,#3114);
#3112 = CARTESIAN_POINT('',(167.99999953389,-69.99999925061,3.2806));
#3113 = DIRECTION('',(0.,0.,-1.));
#3114 = DIRECTION('',(0.980783081614,-0.195101375751,0.));
#3115 = ORIENTED_EDGE('',*,*,#3116,.T.);
#3116 = EDGE_CURVE('',#3108,#3117,#3119,.T.);
#3117 = VERTEX_POINT('',#3118);
#3118 = CARTESIAN_POINT('',(162.261231,-70.075,3.2806));
#3119 = LINE('',#3120,#3121);
#3120 = CARTESIAN_POINT('',(168.,-70.075,3.2806));
#3121 = VECTOR('',#3122,1.);
#3122 = DIRECTION('',(-1.,0.,0.));
#3123 = ORIENTED_EDGE('',*,*,#3124,.T.);
#3124 = EDGE_CURVE('',#3117,#3125,#3127,.T.);
#3125 = VERTEX_POINT('',#3126);
#3126 = CARTESIAN_POINT('',(162.261231,-81.925,3.2806));
#3127 = CIRCLE('',#3128,5.929809075459);
#3128 = AXIS2_PLACEMENT_3D('',#3129,#3130,#3131);
#3129 = CARTESIAN_POINT('',(162.50000007545,-76.,3.2806));
#3130 = DIRECTION('',(0.,0.,1.));
#3131 = DIRECTION('',(-4.026589598763E-02,0.99918899995,0.));
#3132 = ORIENTED_EDGE('',*,*,#3133,.T.);
#3133 = EDGE_CURVE('',#3125,#3134,#3136,.T.);
#3134 = VERTEX_POINT('',#3135);
#3135 = CARTESIAN_POINT('',(168.014632,-81.926441,3.2806));
#3136 = LINE('',#3137,#3138);
#3137 = CARTESIAN_POINT('',(162.261231,-81.925,3.2806));
#3138 = VECTOR('',#3139,1.);
#3139 = DIRECTION('',(0.999999968635,-2.504605458237E-04,0.));
#3140 = ORIENTED_EDGE('',*,*,#3141,.T.);
#3141 = EDGE_CURVE('',#3134,#3142,#3144,.T.);
#3142 = VERTEX_POINT('',#3143);
#3143 = CARTESIAN_POINT('',(168.075,-82.,3.2806));
#3144 = CIRCLE('',#3145,7.500074938991E-02);
#3145 = AXIS2_PLACEMENT_3D('',#3146,#3147,#3148);
#3146 = CARTESIAN_POINT('',(167.99999925061,-82.00000046611,3.2806));
#3147 = DIRECTION('',(0.,0.,-1.));
#3148 = DIRECTION('',(0.195101375753,0.980783081613,0.));
#3149 = ORIENTED_EDGE('',*,*,#3150,.T.);
#3150 = EDGE_CURVE('',#3142,#3151,#3153,.T.);
#3151 = VERTEX_POINT('',#3152);
#3152 = CARTESIAN_POINT('',(168.075,-87.738769,3.2806));
#3153 = LINE('',#3154,#3155);
#3154 = CARTESIAN_POINT('',(168.075,-82.,3.2806));
#3155 = VECTOR('',#3156,1.);
#3156 = DIRECTION('',(0.,-1.,0.));
#3157 = ORIENTED_EDGE('',*,*,#3158,.T.);
#3158 = EDGE_CURVE('',#3151,#3159,#3161,.T.);
#3159 = VERTEX_POINT('',#3160);
#3160 = CARTESIAN_POINT('',(179.925,-87.738769,3.2806));
#3161 = CIRCLE('',#3162,5.929809075459);
#3162 = AXIS2_PLACEMENT_3D('',#3163,#3164,#3165);
#3163 = CARTESIAN_POINT('',(174.,-87.49999992454,3.2806));
#3164 = DIRECTION('',(0.,0.,1.));
#3165 = DIRECTION('',(-0.99918899995,-4.026589598764E-02,0.));
#3166 = ORIENTED_EDGE('',*,*,#3167,.T.);
#3167 = EDGE_CURVE('',#3159,#3168,#3170,.T.);
#3168 = VERTEX_POINT('',#3169);
#3169 = CARTESIAN_POINT('',(179.926441,-81.985368,3.2806));
#3170 = LINE('',#3171,#3172);
#3171 = CARTESIAN_POINT('',(179.925,-87.738769,3.2806));
#3172 = VECTOR('',#3173,1.);
#3173 = DIRECTION('',(2.504605458237E-04,0.999999968635,0.));
#3174 = ORIENTED_EDGE('',*,*,#3175,.T.);
#3175 = EDGE_CURVE('',#3168,#3176,#3178,.T.);
#3176 = VERTEX_POINT('',#3177);
#3177 = CARTESIAN_POINT('',(180.,-81.925,3.2806));
#3178 = CIRCLE('',#3179,7.500074938978E-02);
#3179 = AXIS2_PLACEMENT_3D('',#3180,#3181,#3182);
#3180 = CARTESIAN_POINT('',(180.00000046611,-82.00000074938,3.2806));
#3181 = DIRECTION('',(0.,0.,-1.));
#3182 = DIRECTION('',(-0.980783081614,0.195101375751,0.));
#3183 = ORIENTED_EDGE('',*,*,#3184,.T.);
#3184 = EDGE_CURVE('',#3176,#3185,#3187,.T.);
#3185 = VERTEX_POINT('',#3186);
#3186 = CARTESIAN_POINT('',(185.738769,-81.925,3.2806));
#3187 = LINE('',#3188,#3189);
#3188 = CARTESIAN_POINT('',(180.,-81.925,3.2806));
#3189 = VECTOR('',#3190,1.);
#3190 = DIRECTION('',(1.,0.,0.));
#3191 = ORIENTED_EDGE('',*,*,#3192,.T.);
#3192 = EDGE_CURVE('',#3185,#3193,#3195,.T.);
#3193 = VERTEX_POINT('',#3194);
#3194 = CARTESIAN_POINT('',(185.738769,-70.075,3.2806));
#3195 = CIRCLE('',#3196,5.929809075459);
#3196 = AXIS2_PLACEMENT_3D('',#3197,#3198,#3199);
#3197 = CARTESIAN_POINT('',(185.49999992454,-76.,3.2806));
#3198 = DIRECTION('',(0.,-0.,1.));
#3199 = DIRECTION('',(4.026589598763E-02,-0.99918899995,-0.));
#3200 = ORIENTED_EDGE('',*,*,#3201,.T.);
#3201 = EDGE_CURVE('',#3193,#3202,#3204,.T.);
#3202 = VERTEX_POINT('',#3203);
#3203 = CARTESIAN_POINT('',(179.985368,-70.073559,3.2806));
#3204 = LINE('',#3205,#3206);
#3205 = CARTESIAN_POINT('',(185.738769,-70.075,3.2806));
#3206 = VECTOR('',#3207,1.);
#3207 = DIRECTION('',(-0.999999968635,2.504605458237E-04,0.));
#3208 = ORIENTED_EDGE('',*,*,#3209,.T.);
#3209 = EDGE_CURVE('',#3202,#3210,#3212,.T.);
#3210 = VERTEX_POINT('',#3211);
#3211 = CARTESIAN_POINT('',(179.925,-70.,3.2806));
#3212 = CIRCLE('',#3213,7.500074938991E-02);
#3213 = AXIS2_PLACEMENT_3D('',#3214,#3215,#3216);
#3214 = CARTESIAN_POINT('',(180.00000074938,-69.99999953389,3.2806));
#3215 = DIRECTION('',(0.,0.,-1.));
#3216 = DIRECTION('',(-0.195101375753,-0.980783081613,-0.));
#3217 = ORIENTED_EDGE('',*,*,#3218,.T.);
#3218 = EDGE_CURVE('',#3210,#3219,#3221,.T.);
#3219 = VERTEX_POINT('',#3220);
#3220 = CARTESIAN_POINT('',(179.925,-64.261231,3.2806));
#3221 = LINE('',#3222,#3223);
#3222 = CARTESIAN_POINT('',(179.925,-70.,3.2806));
#3223 = VECTOR('',#3224,1.);
#3224 = DIRECTION('',(0.,1.,0.));
#3225 = ORIENTED_EDGE('',*,*,#3226,.T.);
#3226 = EDGE_CURVE('',#3219,#3227,#3229,.T.);
#3227 = VERTEX_POINT('',#3228);
#3228 = CARTESIAN_POINT('',(168.075,-64.261231,3.2806));
#3229 = CIRCLE('',#3230,5.929809114366);
#3230 = AXIS2_PLACEMENT_3D('',#3231,#3232,#3233);
#3231 = CARTESIAN_POINT('',(174.,-64.5000010417,3.2806));
#3232 = DIRECTION('',(0.,0.,1.));
#3233 = DIRECTION('',(0.999188993394,4.02660586698E-02,-0.));
#3234 = ORIENTED_EDGE('',*,*,#3235,.T.);
#3235 = EDGE_CURVE('',#3227,#3106,#3236,.T.);
#3236 = LINE('',#3237,#3238);
#3237 = CARTESIAN_POINT('',(168.075,-64.261231,3.2806));
#3238 = VECTOR('',#3239,1.);
#3239 = DIRECTION('',(-2.504605458237E-04,-0.999999968635,0.));
#3240 = PLANE('',#3241);
#3241 = AXIS2_PLACEMENT_3D('',#3242,#3243,#3244);
#3242 = CARTESIAN_POINT('',(0.,0.,3.2806));
#3243 = DIRECTION('',(0.,0.,1.));
#3244 = DIRECTION('',(1.,0.,-0.));
#3245 = SHELL_BASED_SURFACE_MODEL('',(#3246));
#3246 = OPEN_SHELL('',(#3247));
#3247 = ADVANCED_FACE('',(#3248),#3382,.T.);
#3248 = FACE_BOUND('',#3249,.F.);
#3249 = EDGE_LOOP('',(#3250,#3260,#3268,#3277,#3285,#3293,#3302,#3310,
    #3319,#3327,#3335,#3343,#3351,#3360,#3368,#3376));
#3250 = ORIENTED_EDGE('',*,*,#3251,.T.);
#3251 = EDGE_CURVE('',#3252,#3254,#3256,.T.);
#3252 = VERTEX_POINT('',#3253);
#3253 = CARTESIAN_POINT('',(152.494531,-84.951841,3.2806));
#3254 = VERTEX_POINT('',#3255);
#3255 = CARTESIAN_POINT('',(152.532987,-84.93126,3.2806));
#3256 = LINE('',#3257,#3258);
#3257 = CARTESIAN_POINT('',(152.494531,-84.951841,3.2806));
#3258 = VECTOR('',#3259,1.);
#3259 = DIRECTION('',(0.881674852639,0.471857451169,0.));
#3260 = ORIENTED_EDGE('',*,*,#3261,.T.);
#3261 = EDGE_CURVE('',#3254,#3262,#3264,.T.);
#3262 = VERTEX_POINT('',#3263);
#3263 = CARTESIAN_POINT('',(152.554824,-84.93126,3.2806));
#3264 = LINE('',#3265,#3266);
#3265 = CARTESIAN_POINT('',(152.532987,-84.93126,3.2806));
#3266 = VECTOR('',#3267,1.);
#3267 = DIRECTION('',(1.,0.,0.));
#3268 = ORIENTED_EDGE('',*,*,#3269,.T.);
#3269 = EDGE_CURVE('',#3262,#3270,#3272,.T.);
#3270 = VERTEX_POINT('',#3271);
#3271 = CARTESIAN_POINT('',(152.622619,-85.004819,3.2806));
#3272 = CIRCLE('',#3273,7.216898094224E-02);
#3273 = AXIS2_PLACEMENT_3D('',#3274,#3275,#3276);
#3274 = CARTESIAN_POINT('',(152.55046606389,-85.00329728342,3.2806));
#3275 = DIRECTION('',(0.,0.,-1.));
#3276 = DIRECTION('',(6.038516895229E-02,0.998175150648,0.));
#3277 = ORIENTED_EDGE('',*,*,#3278,.T.);
#3278 = EDGE_CURVE('',#3270,#3279,#3281,.T.);
#3279 = VERTEX_POINT('',#3280);
#3280 = CARTESIAN_POINT('',(152.622619,-85.929819,3.2806));
#3281 = LINE('',#3282,#3283);
#3282 = CARTESIAN_POINT('',(152.622619,-85.004819,3.2806));
#3283 = VECTOR('',#3284,1.);
#3284 = DIRECTION('',(0.,-1.,0.));
#3285 = ORIENTED_EDGE('',*,*,#3286,.T.);
#3286 = EDGE_CURVE('',#3279,#3287,#3289,.T.);
#3287 = VERTEX_POINT('',#3288);
#3288 = CARTESIAN_POINT('',(152.847965,-85.93126,3.2806));
#3289 = LINE('',#3290,#3291);
#3290 = CARTESIAN_POINT('',(152.622619,-85.929819,3.2806));
#3291 = VECTOR('',#3292,1.);
#3292 = DIRECTION('',(0.999979555102,-6.394480216655E-03,0.));
#3293 = ORIENTED_EDGE('',*,*,#3294,.T.);
#3294 = EDGE_CURVE('',#3287,#3295,#3297,.T.);
#3295 = VERTEX_POINT('',#3296);
#3296 = CARTESIAN_POINT('',(152.833333,-86.079819,3.2806));
#3297 = CIRCLE('',#3298,7.500006711464E-02);
#3298 = AXIS2_PLACEMENT_3D('',#3299,#3300,#3301);
#3299 = CARTESIAN_POINT('',(152.83333306711,-86.00481893288,3.2806));
#3300 = DIRECTION('',(0.,0.,-1.));
#3301 = DIRECTION('',(0.195092263891,0.980784894138,0.));
#3302 = ORIENTED_EDGE('',*,*,#3303,.T.);
#3303 = EDGE_CURVE('',#3295,#3304,#3306,.T.);
#3304 = VERTEX_POINT('',#3305);
#3305 = CARTESIAN_POINT('',(152.247273,-86.078378,3.2806));
#3306 = LINE('',#3307,#3308);
#3307 = CARTESIAN_POINT('',(152.833333,-86.079819,3.2806));
#3308 = VECTOR('',#3309,1.);
#3309 = DIRECTION('',(-0.999996977183,2.45878518261E-03,0.));
#3310 = ORIENTED_EDGE('',*,*,#3311,.T.);
#3311 = EDGE_CURVE('',#3304,#3312,#3314,.T.);
#3312 = VERTEX_POINT('',#3313);
#3313 = CARTESIAN_POINT('',(152.261905,-85.929819,3.2806));
#3314 = CIRCLE('',#3315,7.500006711463E-02);
#3315 = AXIS2_PLACEMENT_3D('',#3316,#3317,#3318);
#3316 = CARTESIAN_POINT('',(152.26190493288,-86.00481906711,3.2806));
#3317 = DIRECTION('',(0.,0.,-1.));
#3318 = DIRECTION('',(-0.195092263891,-0.980784894138,-0.));
#3319 = ORIENTED_EDGE('',*,*,#3320,.T.);
#3320 = EDGE_CURVE('',#3312,#3321,#3323,.T.);
#3321 = VERTEX_POINT('',#3322);
#3322 = CARTESIAN_POINT('',(152.472619,-85.929819,3.2806));
#3323 = LINE('',#3324,#3325);
#3324 = CARTESIAN_POINT('',(152.261905,-85.929819,3.2806));
#3325 = VECTOR('',#3326,1.);
#3326 = DIRECTION('',(1.,0.,0.));
#3327 = ORIENTED_EDGE('',*,*,#3328,.T.);
#3328 = EDGE_CURVE('',#3321,#3329,#3331,.T.);
#3329 = VERTEX_POINT('',#3330);
#3330 = CARTESIAN_POINT('',(152.472619,-85.233504,3.2806));
#3331 = LINE('',#3332,#3333);
#3332 = CARTESIAN_POINT('',(152.472619,-85.929819,3.2806));
#3333 = VECTOR('',#3334,1.);
#3334 = DIRECTION('',(0.,1.,0.));
#3335 = ORIENTED_EDGE('',*,*,#3336,.T.);
#3336 = EDGE_CURVE('',#3329,#3337,#3339,.T.);
#3337 = VERTEX_POINT('',#3338);
#3338 = CARTESIAN_POINT('',(152.396983,-85.306031,3.2806));
#3339 = LINE('',#3340,#3341);
#3340 = CARTESIAN_POINT('',(152.472619,-85.233504,3.2806));
#3341 = VECTOR('',#3342,1.);
#3342 = DIRECTION('',(-0.721785571396,-0.692116745156,0.));
#3343 = ORIENTED_EDGE('',*,*,#3344,.T.);
#3344 = EDGE_CURVE('',#3337,#3345,#3347,.T.);
#3345 = VERTEX_POINT('',#3346);
#3346 = CARTESIAN_POINT('',(152.281714,-85.36287,3.2806));
#3347 = LINE('',#3348,#3349);
#3348 = CARTESIAN_POINT('',(152.396983,-85.306031,3.2806));
#3349 = VECTOR('',#3350,1.);
#3350 = DIRECTION('',(-0.896889346494,-0.442255017094,0.));
#3351 = ORIENTED_EDGE('',*,*,#3352,.T.);
#3352 = EDGE_CURVE('',#3345,#3353,#3355,.T.);
#3353 = VERTEX_POINT('',#3354);
#3354 = CARTESIAN_POINT('',(152.228364,-85.223451,3.2806));
#3355 = CIRCLE('',#3356,7.500005272362E-02);
#3356 = AXIS2_PLACEMENT_3D('',#3357,#3358,#3359);
#3357 = CARTESIAN_POINT('',(152.26190455676,-85.29053332972,3.2806));
#3358 = DIRECTION('',(0.,0.,-1.));
#3359 = DIRECTION('',(0.264125724195,-0.964488259036,0.));
#3360 = ORIENTED_EDGE('',*,*,#3361,.T.);
#3361 = EDGE_CURVE('',#3353,#3362,#3364,.T.);
#3362 = VERTEX_POINT('',#3363);
#3363 = CARTESIAN_POINT('',(152.312716,-85.181275,3.2806));
#3364 = LINE('',#3365,#3366);
#3365 = CARTESIAN_POINT('',(152.228364,-85.223451,3.2806));
#3366 = VECTOR('',#3367,1.);
#3367 = DIRECTION('',(0.894427191,0.4472135955,0.));
#3368 = ORIENTED_EDGE('',*,*,#3369,.T.);
#3369 = EDGE_CURVE('',#3362,#3370,#3372,.T.);
#3370 = VERTEX_POINT('',#3371);
#3371 = CARTESIAN_POINT('',(152.394095,-85.099896,3.2806));
#3372 = LINE('',#3373,#3374);
#3373 = CARTESIAN_POINT('',(152.312716,-85.181275,3.2806));
#3374 = VECTOR('',#3375,1.);
#3375 = DIRECTION('',(0.707106781187,0.707106781187,0.));
#3376 = ORIENTED_EDGE('',*,*,#3377,.T.);
#3377 = EDGE_CURVE('',#3370,#3252,#3378,.T.);
#3378 = LINE('',#3379,#3380);
#3379 = CARTESIAN_POINT('',(152.394095,-85.099896,3.2806));
#3380 = VECTOR('',#3381,1.);
#3381 = DIRECTION('',(0.561387006404,0.82755339951,0.));
#3382 = PLANE('',#3383);
#3383 = AXIS2_PLACEMENT_3D('',#3384,#3385,#3386);
#3384 = CARTESIAN_POINT('',(0.,0.,3.2806));
#3385 = DIRECTION('',(0.,0.,1.));
#3386 = DIRECTION('',(1.,0.,-0.));
#3387 = SHELL_BASED_SURFACE_MODEL('',(#3388));
#3388 = OPEN_SHELL('',(#3389));
#3389 = ADVANCED_FACE('',(#3390),#3508,.T.);
#3390 = FACE_BOUND('',#3391,.F.);
#3391 = EDGE_LOOP('',(#3392,#3403,#3411,#3419,#3427,#3436,#3444,#3453,
    #3461,#3469,#3477,#3486,#3494,#3502));
#3392 = ORIENTED_EDGE('',*,*,#3393,.T.);
#3393 = EDGE_CURVE('',#3394,#3396,#3398,.T.);
#3394 = VERTEX_POINT('',#3395);
#3395 = CARTESIAN_POINT('',(151.220237,-84.942459,3.2806));
#3396 = VERTEX_POINT('',#3397);
#3397 = CARTESIAN_POINT('',(151.336905,-85.004819,3.2806));
#3398 = CIRCLE('',#3399,7.500000000002E-02);
#3399 = AXIS2_PLACEMENT_3D('',#3400,#3401,#3402);
#3400 = CARTESIAN_POINT('',(151.261905,-85.00481906555,3.2806));
#3401 = DIRECTION('',(0.,0.,-1.));
#3402 = DIRECTION('',(-0.555573333333,0.831467540731,0.));
#3403 = ORIENTED_EDGE('',*,*,#3404,.T.);
#3404 = EDGE_CURVE('',#3396,#3405,#3407,.T.);
#3405 = VERTEX_POINT('',#3406);
#3406 = CARTESIAN_POINT('',(151.336905,-85.406009,3.2806));
#3407 = LINE('',#3408,#3409);
#3408 = CARTESIAN_POINT('',(151.336905,-85.004819,3.2806));
#3409 = VECTOR('',#3410,1.);
#3410 = DIRECTION('',(0.,-1.,0.));
#3411 = ORIENTED_EDGE('',*,*,#3412,.T.);
#3412 = EDGE_CURVE('',#3405,#3413,#3415,.T.);
#3413 = VERTEX_POINT('',#3414);
#3414 = CARTESIAN_POINT('',(151.758333,-85.406009,3.2806));
#3415 = LINE('',#3416,#3417);
#3416 = CARTESIAN_POINT('',(151.336905,-85.406009,3.2806));
#3417 = VECTOR('',#3418,1.);
#3418 = DIRECTION('',(1.,0.,0.));
#3419 = ORIENTED_EDGE('',*,*,#3420,.T.);
#3420 = EDGE_CURVE('',#3413,#3421,#3423,.T.);
#3421 = VERTEX_POINT('',#3422);
#3422 = CARTESIAN_POINT('',(151.759774,-84.990187,3.2806));
#3423 = LINE('',#3424,#3425);
#3424 = CARTESIAN_POINT('',(151.758333,-85.406009,3.2806));
#3425 = VECTOR('',#3426,1.);
#3426 = DIRECTION('',(3.465404301528E-03,0.999993995468,0.));
#3427 = ORIENTED_EDGE('',*,*,#3428,.T.);
#3428 = EDGE_CURVE('',#3421,#3429,#3431,.T.);
#3429 = VERTEX_POINT('',#3430);
#3430 = CARTESIAN_POINT('',(151.908333,-85.004819,3.2806));
#3431 = CIRCLE('',#3432,7.500006711464E-02);
#3432 = AXIS2_PLACEMENT_3D('',#3433,#3434,#3435);
#3433 = CARTESIAN_POINT('',(151.83333293288,-85.00481893288,3.2806));
#3434 = DIRECTION('',(0.,0.,-1.));
#3435 = DIRECTION('',(-0.980784894138,0.195092263891,0.));
#3436 = ORIENTED_EDGE('',*,*,#3437,.T.);
#3437 = EDGE_CURVE('',#3429,#3438,#3440,.T.);
#3438 = VERTEX_POINT('',#3439);
#3439 = CARTESIAN_POINT('',(151.906892,-86.019451,3.2806));
#3440 = LINE('',#3441,#3442);
#3441 = CARTESIAN_POINT('',(151.908333,-85.004819,3.2806));
#3442 = VECTOR('',#3443,1.);
#3443 = DIRECTION('',(-1.420217918158E-03,-0.99999899149,0.));
#3444 = ORIENTED_EDGE('',*,*,#3445,.T.);
#3445 = EDGE_CURVE('',#3438,#3446,#3448,.T.);
#3446 = VERTEX_POINT('',#3447);
#3447 = CARTESIAN_POINT('',(151.758333,-86.004819,3.2806));
#3448 = CIRCLE('',#3449,7.500006711465E-02);
#3449 = AXIS2_PLACEMENT_3D('',#3450,#3451,#3452);
#3450 = CARTESIAN_POINT('',(151.83333306711,-86.00481906711,3.2806));
#3451 = DIRECTION('',(-0.,0.,-1.));
#3452 = DIRECTION('',(0.980784894138,-0.195092263892,-0.));
#3453 = ORIENTED_EDGE('',*,*,#3454,.T.);
#3454 = EDGE_CURVE('',#3446,#3455,#3457,.T.);
#3455 = VERTEX_POINT('',#3456);
#3456 = CARTESIAN_POINT('',(151.758333,-85.556009,3.2806));
#3457 = LINE('',#3458,#3459);
#3458 = CARTESIAN_POINT('',(151.758333,-86.004819,3.2806));
#3459 = VECTOR('',#3460,1.);
#3460 = DIRECTION('',(0.,1.,0.));
#3461 = ORIENTED_EDGE('',*,*,#3462,.T.);
#3462 = EDGE_CURVE('',#3455,#3463,#3465,.T.);
#3463 = VERTEX_POINT('',#3464);
#3464 = CARTESIAN_POINT('',(151.336905,-85.556009,3.2806));
#3465 = LINE('',#3466,#3467);
#3466 = CARTESIAN_POINT('',(151.758333,-85.556009,3.2806));
#3467 = VECTOR('',#3468,1.);
#3468 = DIRECTION('',(-1.,0.,0.));
#3469 = ORIENTED_EDGE('',*,*,#3470,.T.);
#3470 = EDGE_CURVE('',#3463,#3471,#3473,.T.);
#3471 = VERTEX_POINT('',#3472);
#3472 = CARTESIAN_POINT('',(151.335464,-86.019451,3.2806));
#3473 = LINE('',#3474,#3475);
#3474 = CARTESIAN_POINT('',(151.336905,-85.556009,3.2806));
#3475 = VECTOR('',#3476,1.);
#3476 = DIRECTION('',(-3.109327670448E-03,-0.999995166029,0.));
#3477 = ORIENTED_EDGE('',*,*,#3478,.T.);
#3478 = EDGE_CURVE('',#3471,#3479,#3481,.T.);
#3479 = VERTEX_POINT('',#3480);
#3480 = CARTESIAN_POINT('',(151.186905,-86.004819,3.2806));
#3481 = CIRCLE('',#3482,7.500006711464E-02);
#3482 = AXIS2_PLACEMENT_3D('',#3483,#3484,#3485);
#3483 = CARTESIAN_POINT('',(151.26190506711,-86.00481906711,3.2806));
#3484 = DIRECTION('',(-0.,0.,-1.));
#3485 = DIRECTION('',(0.980784894138,-0.195092263891,-0.));
#3486 = ORIENTED_EDGE('',*,*,#3487,.T.);
#3487 = EDGE_CURVE('',#3479,#3488,#3490,.T.);
#3488 = VERTEX_POINT('',#3489);
#3489 = CARTESIAN_POINT('',(151.188346,-84.990187,3.2806));
#3490 = LINE('',#3491,#3492);
#3491 = CARTESIAN_POINT('',(151.186905,-86.004819,3.2806));
#3492 = VECTOR('',#3493,1.);
#3493 = DIRECTION('',(1.420217918158E-03,0.99999899149,0.));
#3494 = ORIENTED_EDGE('',*,*,#3495,.T.);
#3495 = EDGE_CURVE('',#3488,#3496,#3498,.T.);
#3496 = VERTEX_POINT('',#3497);
#3497 = CARTESIAN_POINT('',(151.199545,-84.963151,3.2806));
#3498 = LINE('',#3499,#3500);
#3499 = CARTESIAN_POINT('',(151.188346,-84.990187,3.2806));
#3500 = VECTOR('',#3501,1.);
#3501 = DIRECTION('',(0.38269282806,0.923875640631,0.));
#3502 = ORIENTED_EDGE('',*,*,#3503,.T.);
#3503 = EDGE_CURVE('',#3496,#3394,#3504,.T.);
#3504 = LINE('',#3505,#3506);
#3505 = CARTESIAN_POINT('',(151.199545,-84.963151,3.2806));
#3506 = VECTOR('',#3507,1.);
#3507 = DIRECTION('',(0.707106781187,0.707106781187,0.));
#3508 = PLANE('',#3509);
#3509 = AXIS2_PLACEMENT_3D('',#3510,#3511,#3512);
#3510 = CARTESIAN_POINT('',(0.,0.,3.2806));
#3511 = DIRECTION('',(0.,0.,1.));
#3512 = DIRECTION('',(1.,0.,-0.));
#3513 = SHELL_BASED_SURFACE_MODEL('',(#3514));
#3514 = OPEN_SHELL('',(#3515));
#3515 = ADVANCED_FACE('',(#3516,#3618),#3720,.T.);
#3516 = FACE_BOUND('',#3517,.F.);
#3517 = EDGE_LOOP('',(#3518,#3529,#3537,#3545,#3554,#3562,#3570,#3579,
    #3587,#3595,#3604,#3612));
#3518 = ORIENTED_EDGE('',*,*,#3519,.T.);
#3519 = EDGE_CURVE('',#3520,#3522,#3524,.T.);
#3520 = VERTEX_POINT('',#3521);
#3521 = CARTESIAN_POINT('',(153.317302,-84.98932,3.2806));
#3522 = VERTEX_POINT('',#3523);
#3523 = CARTESIAN_POINT('',(153.69014,-84.994686,3.2806));
#3524 = CIRCLE('',#3525,0.291788488016);
#3525 = AXIS2_PLACEMENT_3D('',#3526,#3527,#3528);
#3526 = CARTESIAN_POINT('',(153.50049086911,-85.21643750256,3.2806));
#3527 = DIRECTION('',(0.,0.,-1.));
#3528 = DIRECTION('',(-0.627813901623,0.778363478671,0.));
#3529 = ORIENTED_EDGE('',*,*,#3530,.T.);
#3530 = EDGE_CURVE('',#3522,#3531,#3533,.T.);
#3531 = VERTEX_POINT('',#3532);
#3532 = CARTESIAN_POINT('',(153.753593,-85.060216,3.2806));
#3533 = LINE('',#3534,#3535);
#3534 = CARTESIAN_POINT('',(153.69014,-84.994686,3.2806));
#3535 = VECTOR('',#3536,1.);
#3536 = DIRECTION('',(0.695630129574,-0.718400113328,0.));
#3537 = ORIENTED_EDGE('',*,*,#3538,.T.);
#3538 = EDGE_CURVE('',#3531,#3539,#3541,.T.);
#3539 = VERTEX_POINT('',#3540);
#3540 = CARTESIAN_POINT('',(153.810856,-85.177105,3.2806));
#3541 = LINE('',#3542,#3543);
#3542 = CARTESIAN_POINT('',(153.753593,-85.060216,3.2806));
#3543 = VECTOR('',#3544,1.);
#3544 = DIRECTION('',(0.439937123831,-0.898028578095,0.));
#3545 = ORIENTED_EDGE('',*,*,#3546,.T.);
#3546 = EDGE_CURVE('',#3539,#3547,#3549,.T.);
#3547 = VERTEX_POINT('',#3548);
#3548 = CARTESIAN_POINT('',(153.805177,-85.847883,3.2806));
#3549 = CIRCLE('',#3550,0.967158496826);
#3550 = AXIS2_PLACEMENT_3D('',#3551,#3552,#3553);
#3551 = CARTESIAN_POINT('',(152.90090970686,-85.50481417228,3.2806));
#3552 = DIRECTION('',(0.,0.,-1.));
#3553 = DIRECTION('',(0.940845059128,0.338837091703,0.));
#3554 = ORIENTED_EDGE('',*,*,#3555,.T.);
#3555 = EDGE_CURVE('',#3547,#3556,#3558,.T.);
#3556 = VERTEX_POINT('',#3557);
#3557 = CARTESIAN_POINT('',(153.748227,-85.956863,3.2806));
#3558 = LINE('',#3559,#3560);
#3559 = CARTESIAN_POINT('',(153.805177,-85.847883,3.2806));
#3560 = VECTOR('',#3561,1.);
#3561 = DIRECTION('',(-0.463146784147,-0.886281589752,0.));
#3562 = ORIENTED_EDGE('',*,*,#3563,.T.);
#3563 = EDGE_CURVE('',#3556,#3564,#3566,.T.);
#3564 = VERTEX_POINT('',#3565);
#3565 = CARTESIAN_POINT('',(153.682697,-86.020317,3.2806));
#3566 = LINE('',#3567,#3568);
#3567 = CARTESIAN_POINT('',(153.748227,-85.956863,3.2806));
#3568 = VECTOR('',#3569,1.);
#3569 = DIRECTION('',(-0.718394634729,-0.695635787458,0.));
#3570 = ORIENTED_EDGE('',*,*,#3571,.T.);
#3571 = EDGE_CURVE('',#3564,#3572,#3574,.T.);
#3572 = VERTEX_POINT('',#3573);
#3573 = CARTESIAN_POINT('',(153.309858,-86.01495,3.2806));
#3574 = CIRCLE('',#3575,0.290998264264);
#3575 = AXIS2_PLACEMENT_3D('',#3576,#3577,#3578);
#3576 = CARTESIAN_POINT('',(153.49949341815,-85.79422755441,3.2806));
#3577 = DIRECTION('',(-0.,0.,-1.));
#3578 = DIRECTION('',(0.629569328552,-0.776944309811,-0.));
#3579 = ORIENTED_EDGE('',*,*,#3580,.T.);
#3580 = EDGE_CURVE('',#3572,#3581,#3583,.T.);
#3581 = VERTEX_POINT('',#3582);
#3582 = CARTESIAN_POINT('',(153.246405,-85.949417,3.2806));
#3583 = LINE('',#3584,#3585);
#3584 = CARTESIAN_POINT('',(153.309858,-86.01495,3.2806));
#3585 = VECTOR('',#3586,1.);
#3586 = DIRECTION('',(-0.695613693927,0.718416027676,0.));
#3587 = ORIENTED_EDGE('',*,*,#3588,.T.);
#3588 = EDGE_CURVE('',#3581,#3589,#3591,.T.);
#3589 = VERTEX_POINT('',#3590);
#3590 = CARTESIAN_POINT('',(153.189144,-85.832532,3.2806));
#3591 = LINE('',#3592,#3593);
#3592 = CARTESIAN_POINT('',(153.246405,-85.949417,3.2806));
#3593 = VECTOR('',#3594,1.);
#3594 = DIRECTION('',(-0.439936873317,0.89802870082,0.));
#3595 = ORIENTED_EDGE('',*,*,#3596,.T.);
#3596 = EDGE_CURVE('',#3589,#3597,#3599,.T.);
#3597 = VERTEX_POINT('',#3598);
#3598 = CARTESIAN_POINT('',(153.194823,-85.161754,3.2806));
#3599 = CIRCLE('',#3600,0.967158496826);
#3600 = AXIS2_PLACEMENT_3D('',#3601,#3602,#3603);
#3601 = CARTESIAN_POINT('',(154.09909029313,-85.50482282772,3.2806));
#3602 = DIRECTION('',(0.,0.,-1.));
#3603 = DIRECTION('',(-0.940845059128,-0.338837091703,-0.));
#3604 = ORIENTED_EDGE('',*,*,#3605,.T.);
#3605 = EDGE_CURVE('',#3597,#3606,#3608,.T.);
#3606 = VERTEX_POINT('',#3607);
#3607 = CARTESIAN_POINT('',(153.251772,-85.052773,3.2806));
#3608 = LINE('',#3609,#3610);
#3609 = CARTESIAN_POINT('',(153.194823,-85.161754,3.2806));
#3610 = VECTOR('',#3611,1.);
#3611 = DIRECTION('',(0.463137057879,0.886286672369,0.));
#3612 = ORIENTED_EDGE('',*,*,#3613,.T.);
#3613 = EDGE_CURVE('',#3606,#3520,#3614,.T.);
#3614 = LINE('',#3615,#3616);
#3615 = CARTESIAN_POINT('',(153.251772,-85.052773,3.2806));
#3616 = VECTOR('',#3617,1.);
#3617 = DIRECTION('',(0.718400113328,0.695630129574,0.));
#3618 = FACE_BOUND('',#3619,.F.);
#3619 = EDGE_LOOP('',(#3620,#3631,#3639,#3647,#3656,#3664,#3672,#3681,
    #3689,#3697,#3706,#3714));
#3620 = ORIENTED_EDGE('',*,*,#3621,.T.);
#3621 = EDGE_CURVE('',#3622,#3624,#3626,.T.);
#3622 = VERTEX_POINT('',#3623);
#3623 = CARTESIAN_POINT('',(153.59843,-85.114077,3.2806));
#3624 = VERTEX_POINT('',#3625);
#3625 = CARTESIAN_POINT('',(153.40157,-85.114077,3.2806));
#3626 = CIRCLE('',#3627,0.148516804184);
#3627 = AXIS2_PLACEMENT_3D('',#3628,#3629,#3630);
#3628 = CARTESIAN_POINT('',(153.5,-85.225292,3.2806));
#3629 = DIRECTION('',(0.,0.,1.));
#3630 = DIRECTION('',(0.662753286006,0.748837820819,-0.));
#3631 = ORIENTED_EDGE('',*,*,#3632,.T.);
#3632 = EDGE_CURVE('',#3624,#3633,#3635,.T.);
#3633 = VERTEX_POINT('',#3634);
#3634 = CARTESIAN_POINT('',(153.371163,-85.144484,3.2806));
#3635 = LINE('',#3636,#3637);
#3636 = CARTESIAN_POINT('',(153.40157,-85.114077,3.2806));
#3637 = VECTOR('',#3638,1.);
#3638 = DIRECTION('',(-0.707106781186,-0.707106781187,0.));
#3639 = ORIENTED_EDGE('',*,*,#3640,.T.);
#3640 = EDGE_CURVE('',#3633,#3641,#3643,.T.);
#3641 = VERTEX_POINT('',#3642);
#3642 = CARTESIAN_POINT('',(153.332669,-85.221471,3.2806));
#3643 = LINE('',#3644,#3645);
#3644 = CARTESIAN_POINT('',(153.371163,-85.144484,3.2806));
#3645 = VECTOR('',#3646,1.);
#3646 = DIRECTION('',(-0.447218242641,-0.894424867414,0.));
#3647 = ORIENTED_EDGE('',*,*,#3648,.T.);
#3648 = EDGE_CURVE('',#3641,#3649,#3651,.T.);
#3649 = VERTEX_POINT('',#3650);
#3650 = CARTESIAN_POINT('',(153.332669,-85.788166,3.2806));
#3651 = CIRCLE('',#3652,0.815450468383);
#3652 = AXIS2_PLACEMENT_3D('',#3653,#3654,#3655);
#3653 = CARTESIAN_POINT('',(154.09730856255,-85.5048185,3.2806));
#3654 = DIRECTION('',(0.,0.,1.));
#3655 = DIRECTION('',(-0.937689770508,0.347473587895,0.));
#3656 = ORIENTED_EDGE('',*,*,#3657,.T.);
#3657 = EDGE_CURVE('',#3649,#3658,#3660,.T.);
#3658 = VERTEX_POINT('',#3659);
#3659 = CARTESIAN_POINT('',(153.371163,-85.865153,3.2806));
#3660 = LINE('',#3661,#3662);
#3661 = CARTESIAN_POINT('',(153.332669,-85.788166,3.2806));
#3662 = VECTOR('',#3663,1.);
#3663 = DIRECTION('',(0.447218242641,-0.894424867414,0.));
#3664 = ORIENTED_EDGE('',*,*,#3665,.T.);
#3665 = EDGE_CURVE('',#3658,#3666,#3668,.T.);
#3666 = VERTEX_POINT('',#3667);
#3667 = CARTESIAN_POINT('',(153.40157,-85.895561,3.2806));
#3668 = LINE('',#3669,#3670);
#3669 = CARTESIAN_POINT('',(153.371163,-85.865153,3.2806));
#3670 = VECTOR('',#3671,1.);
#3671 = DIRECTION('',(0.707095153914,-0.707118408268,0.));
#3672 = ORIENTED_EDGE('',*,*,#3673,.T.);
#3673 = EDGE_CURVE('',#3666,#3674,#3676,.T.);
#3674 = VERTEX_POINT('',#3675);
#3675 = CARTESIAN_POINT('',(153.598429,-85.895561,3.2806));
#3676 = CIRCLE('',#3677,0.14851572397);
#3677 = AXIS2_PLACEMENT_3D('',#3678,#3679,#3680);
#3678 = CARTESIAN_POINT('',(153.4999995,-85.784347,3.2806));
#3679 = DIRECTION('',(0.,0.,1.));
#3680 = DIRECTION('',(-0.662754739828,-0.748836534121,0.));
#3681 = ORIENTED_EDGE('',*,*,#3682,.T.);
#3682 = EDGE_CURVE('',#3674,#3683,#3685,.T.);
#3683 = VERTEX_POINT('',#3684);
#3684 = CARTESIAN_POINT('',(153.628836,-85.865153,3.2806));
#3685 = LINE('',#3686,#3687);
#3686 = CARTESIAN_POINT('',(153.598429,-85.895561,3.2806));
#3687 = VECTOR('',#3688,1.);
#3688 = DIRECTION('',(0.707095153914,0.707118408268,0.));
#3689 = ORIENTED_EDGE('',*,*,#3690,.T.);
#3690 = EDGE_CURVE('',#3683,#3691,#3693,.T.);
#3691 = VERTEX_POINT('',#3692);
#3692 = CARTESIAN_POINT('',(153.66733,-85.788166,3.2806));
#3693 = LINE('',#3694,#3695);
#3694 = CARTESIAN_POINT('',(153.628836,-85.865153,3.2806));
#3695 = VECTOR('',#3696,1.);
#3696 = DIRECTION('',(0.447218242641,0.894424867414,0.));
#3697 = ORIENTED_EDGE('',*,*,#3698,.T.);
#3698 = EDGE_CURVE('',#3691,#3699,#3701,.T.);
#3699 = VERTEX_POINT('',#3700);
#3700 = CARTESIAN_POINT('',(153.66733,-85.221471,3.2806));
#3701 = CIRCLE('',#3702,0.815433004022);
#3702 = AXIS2_PLACEMENT_3D('',#3703,#3704,#3705);
#3703 = CARTESIAN_POINT('',(152.90270906235,-85.5048185,3.2806));
#3704 = DIRECTION('',(0.,-0.,1.));
#3705 = DIRECTION('',(0.937687012763,-0.347481029836,-0.));
#3706 = ORIENTED_EDGE('',*,*,#3707,.T.);
#3707 = EDGE_CURVE('',#3699,#3708,#3710,.T.);
#3708 = VERTEX_POINT('',#3709);
#3709 = CARTESIAN_POINT('',(153.628837,-85.144484,3.2806));
#3710 = LINE('',#3711,#3712);
#3711 = CARTESIAN_POINT('',(153.66733,-85.221471,3.2806));
#3712 = VECTOR('',#3713,1.);
#3713 = DIRECTION('',(-0.447208948322,0.894429514574,0.));
#3714 = ORIENTED_EDGE('',*,*,#3715,.T.);
#3715 = EDGE_CURVE('',#3708,#3622,#3716,.T.);
#3716 = LINE('',#3717,#3718);
#3717 = CARTESIAN_POINT('',(153.628837,-85.144484,3.2806));
#3718 = VECTOR('',#3719,1.);
#3719 = DIRECTION('',(-0.707106781186,0.707106781187,0.));
#3720 = PLANE('',#3721);
#3721 = AXIS2_PLACEMENT_3D('',#3722,#3723,#3724);
#3722 = CARTESIAN_POINT('',(0.,0.,3.2806));
#3723 = DIRECTION('',(0.,0.,1.));
#3724 = DIRECTION('',(1.,0.,-0.));
#3725 = SHELL_BASED_SURFACE_MODEL('',(#3726));
#3726 = OPEN_SHELL('',(#3727));
#3727 = ADVANCED_FACE('',(#3728),#3789,.T.);
#3728 = FACE_BOUND('',#3729,.F.);
#3729 = EDGE_LOOP('',(#3730,#3741,#3749,#3758,#3766,#3775,#3783));
#3730 = ORIENTED_EDGE('',*,*,#3731,.T.);
#3731 = EDGE_CURVE('',#3732,#3734,#3736,.T.);
#3732 = VERTEX_POINT('',#3733);
#3733 = CARTESIAN_POINT('',(152.675844,-58.578378,3.2806));
#3734 = VERTEX_POINT('',#3735);
#3735 = CARTESIAN_POINT('',(152.690476,-58.429819,3.2806));
#3736 = CIRCLE('',#3737,7.500006711464E-02);
#3737 = AXIS2_PLACEMENT_3D('',#3738,#3739,#3740);
#3738 = CARTESIAN_POINT('',(152.69047593288,-58.50481906711,3.2806));
#3739 = DIRECTION('',(0.,0.,-1.));
#3740 = DIRECTION('',(-0.195092263891,-0.980784894138,-0.));
#3741 = ORIENTED_EDGE('',*,*,#3742,.T.);
#3742 = EDGE_CURVE('',#3734,#3743,#3745,.T.);
#3743 = VERTEX_POINT('',#3744);
#3744 = CARTESIAN_POINT('',(153.371774,-58.43126,3.2806));
#3745 = LINE('',#3746,#3747);
#3746 = CARTESIAN_POINT('',(152.690476,-58.429819,3.2806));
#3747 = VECTOR('',#3748,1.);
#3748 = DIRECTION('',(0.999997763225,-2.115075600996E-03,0.));
#3749 = ORIENTED_EDGE('',*,*,#3750,.T.);
#3750 = EDGE_CURVE('',#3743,#3751,#3753,.T.);
#3751 = VERTEX_POINT('',#3752);
#3752 = CARTESIAN_POINT('',(153.426078,-58.534363,3.2806));
#3753 = CIRCLE('',#3754,7.500015546831E-02);
#3754 = AXIS2_PLACEMENT_3D('',#3755,#3756,#3757);
#3755 = CARTESIAN_POINT('',(153.35714197422,-58.50481900449,3.2806));
#3756 = DIRECTION('',(0.,0.,-1.));
#3757 = DIRECTION('',(0.195093272598,0.980784693491,0.));
#3758 = ORIENTED_EDGE('',*,*,#3759,.T.);
#3759 = EDGE_CURVE('',#3751,#3760,#3762,.T.);
#3760 = VERTEX_POINT('',#3761);
#3761 = CARTESIAN_POINT('',(152.990419,-59.547244,3.2806));
#3762 = LINE('',#3763,#3764);
#3763 = CARTESIAN_POINT('',(153.426078,-58.534363,3.2806));
#3764 = VECTOR('',#3765,1.);
#3765 = DIRECTION('',(-0.395119729311,-0.918629631304,0.));
#3766 = ORIENTED_EDGE('',*,*,#3767,.T.);
#3767 = EDGE_CURVE('',#3760,#3768,#3770,.T.);
#3768 = VERTEX_POINT('',#3769);
#3769 = CARTESIAN_POINT('',(152.859635,-59.475275,3.2806));
#3770 = CIRCLE('',#3771,7.500030178421E-02);
#3771 = AXIS2_PLACEMENT_3D('',#3772,#3773,#3774);
#3772 = CARTESIAN_POINT('',(152.92857134698,-59.50481861745,3.2806));
#3773 = DIRECTION('',(-0.,0.,-1.));
#3774 = DIRECTION('',(0.82463205542,-0.565669491112,-0.));
#3775 = ORIENTED_EDGE('',*,*,#3776,.T.);
#3776 = EDGE_CURVE('',#3768,#3777,#3779,.T.);
#3777 = VERTEX_POINT('',#3778);
#3778 = CARTESIAN_POINT('',(153.243401,-58.579819,3.2806));
#3779 = LINE('',#3780,#3781);
#3780 = CARTESIAN_POINT('',(152.859635,-59.475275,3.2806));
#3781 = VECTOR('',#3782,1.);
#3782 = DIRECTION('',(0.393918555284,0.919145348573,0.));
#3783 = ORIENTED_EDGE('',*,*,#3784,.T.);
#3784 = EDGE_CURVE('',#3777,#3732,#3785,.T.);
#3785 = LINE('',#3786,#3787);
#3786 = CARTESIAN_POINT('',(153.243401,-58.579819,3.2806));
#3787 = VECTOR('',#3788,1.);
#3788 = DIRECTION('',(-0.999996776877,2.538943851418E-03,0.));
#3789 = PLANE('',#3790);
#3790 = AXIS2_PLACEMENT_3D('',#3791,#3792,#3793);
#3791 = CARTESIAN_POINT('',(0.,0.,3.2806));
#3792 = DIRECTION('',(0.,0.,1.));
#3793 = DIRECTION('',(1.,0.,-0.));
#3794 = SHELL_BASED_SURFACE_MODEL('',(#3795));
#3795 = OPEN_SHELL('',(#3796));
#3796 = ADVANCED_FACE('',(#3797),#3915,.T.);
#3797 = FACE_BOUND('',#3798,.F.);
#3798 = EDGE_LOOP('',(#3799,#3810,#3818,#3826,#3834,#3843,#3851,#3860,
    #3868,#3876,#3884,#3893,#3901,#3909));
#3799 = ORIENTED_EDGE('',*,*,#3800,.T.);
#3800 = EDGE_CURVE('',#3801,#3803,#3805,.T.);
#3801 = VERTEX_POINT('',#3802);
#3802 = CARTESIAN_POINT('',(115.196427,-58.442459,3.2806));
#3803 = VERTEX_POINT('',#3804);
#3804 = CARTESIAN_POINT('',(115.313095,-58.504819,3.2806));
#3805 = CIRCLE('',#3806,7.500000000003E-02);
#3806 = AXIS2_PLACEMENT_3D('',#3807,#3808,#3809);
#3807 = CARTESIAN_POINT('',(115.238095,-58.50481906555,3.2806));
#3808 = DIRECTION('',(0.,0.,-1.));
#3809 = DIRECTION('',(-0.555573333333,0.831467540731,0.));
#3810 = ORIENTED_EDGE('',*,*,#3811,.T.);
#3811 = EDGE_CURVE('',#3803,#3812,#3814,.T.);
#3812 = VERTEX_POINT('',#3813);
#3813 = CARTESIAN_POINT('',(115.313095,-58.906009,3.2806));
#3814 = LINE('',#3815,#3816);
#3815 = CARTESIAN_POINT('',(115.313095,-58.504819,3.2806));
#3816 = VECTOR('',#3817,1.);
#3817 = DIRECTION('',(0.,-1.,0.));
#3818 = ORIENTED_EDGE('',*,*,#3819,.T.);
#3819 = EDGE_CURVE('',#3812,#3820,#3822,.T.);
#3820 = VERTEX_POINT('',#3821);
#3821 = CARTESIAN_POINT('',(115.734523,-58.906009,3.2806));
#3822 = LINE('',#3823,#3824);
#3823 = CARTESIAN_POINT('',(115.313095,-58.906009,3.2806));
#3824 = VECTOR('',#3825,1.);
#3825 = DIRECTION('',(1.,0.,0.));
#3826 = ORIENTED_EDGE('',*,*,#3827,.T.);
#3827 = EDGE_CURVE('',#3820,#3828,#3830,.T.);
#3828 = VERTEX_POINT('',#3829);
#3829 = CARTESIAN_POINT('',(115.735964,-58.490187,3.2806));
#3830 = LINE('',#3831,#3832);
#3831 = CARTESIAN_POINT('',(115.734523,-58.906009,3.2806));
#3832 = VECTOR('',#3833,1.);
#3833 = DIRECTION('',(3.465404301528E-03,0.999993995468,0.));
#3834 = ORIENTED_EDGE('',*,*,#3835,.T.);
#3835 = EDGE_CURVE('',#3828,#3836,#3838,.T.);
#3836 = VERTEX_POINT('',#3837);
#3837 = CARTESIAN_POINT('',(115.884523,-58.504819,3.2806));
#3838 = CIRCLE('',#3839,7.500006711464E-02);
#3839 = AXIS2_PLACEMENT_3D('',#3840,#3841,#3842);
#3840 = CARTESIAN_POINT('',(115.80952293288,-58.50481893288,3.2806));
#3841 = DIRECTION('',(0.,0.,-1.));
#3842 = DIRECTION('',(-0.980784894138,0.195092263891,0.));
#3843 = ORIENTED_EDGE('',*,*,#3844,.T.);
#3844 = EDGE_CURVE('',#3836,#3845,#3847,.T.);
#3845 = VERTEX_POINT('',#3846);
#3846 = CARTESIAN_POINT('',(115.883082,-59.519451,3.2806));
#3847 = LINE('',#3848,#3849);
#3848 = CARTESIAN_POINT('',(115.884523,-58.504819,3.2806));
#3849 = VECTOR('',#3850,1.);
#3850 = DIRECTION('',(-1.420217918158E-03,-0.99999899149,0.));
#3851 = ORIENTED_EDGE('',*,*,#3852,.T.);
#3852 = EDGE_CURVE('',#3845,#3853,#3855,.T.);
#3853 = VERTEX_POINT('',#3854);
#3854 = CARTESIAN_POINT('',(115.734523,-59.504819,3.2806));
#3855 = CIRCLE('',#3856,7.500006711464E-02);
#3856 = AXIS2_PLACEMENT_3D('',#3857,#3858,#3859);
#3857 = CARTESIAN_POINT('',(115.80952306711,-59.50481906711,3.2806));
#3858 = DIRECTION('',(-0.,0.,-1.));
#3859 = DIRECTION('',(0.980784894138,-0.195092263891,-0.));
#3860 = ORIENTED_EDGE('',*,*,#3861,.T.);
#3861 = EDGE_CURVE('',#3853,#3862,#3864,.T.);
#3862 = VERTEX_POINT('',#3863);
#3863 = CARTESIAN_POINT('',(115.734523,-59.056009,3.2806));
#3864 = LINE('',#3865,#3866);
#3865 = CARTESIAN_POINT('',(115.734523,-59.504819,3.2806));
#3866 = VECTOR('',#3867,1.);
#3867 = DIRECTION('',(0.,1.,0.));
#3868 = ORIENTED_EDGE('',*,*,#3869,.T.);
#3869 = EDGE_CURVE('',#3862,#3870,#3872,.T.);
#3870 = VERTEX_POINT('',#3871);
#3871 = CARTESIAN_POINT('',(115.313095,-59.056009,3.2806));
#3872 = LINE('',#3873,#3874);
#3873 = CARTESIAN_POINT('',(115.734523,-59.056009,3.2806));
#3874 = VECTOR('',#3875,1.);
#3875 = DIRECTION('',(-1.,0.,0.));
#3876 = ORIENTED_EDGE('',*,*,#3877,.T.);
#3877 = EDGE_CURVE('',#3870,#3878,#3880,.T.);
#3878 = VERTEX_POINT('',#3879);
#3879 = CARTESIAN_POINT('',(115.311654,-59.519451,3.2806));
#3880 = LINE('',#3881,#3882);
#3881 = CARTESIAN_POINT('',(115.313095,-59.056009,3.2806));
#3882 = VECTOR('',#3883,1.);
#3883 = DIRECTION('',(-3.109327670448E-03,-0.999995166029,0.));
#3884 = ORIENTED_EDGE('',*,*,#3885,.T.);
#3885 = EDGE_CURVE('',#3878,#3886,#3888,.T.);
#3886 = VERTEX_POINT('',#3887);
#3887 = CARTESIAN_POINT('',(115.163095,-59.504819,3.2806));
#3888 = CIRCLE('',#3889,7.500006711464E-02);
#3889 = AXIS2_PLACEMENT_3D('',#3890,#3891,#3892);
#3890 = CARTESIAN_POINT('',(115.23809506711,-59.50481906711,3.2806));
#3891 = DIRECTION('',(-0.,0.,-1.));
#3892 = DIRECTION('',(0.980784894138,-0.195092263891,-0.));
#3893 = ORIENTED_EDGE('',*,*,#3894,.T.);
#3894 = EDGE_CURVE('',#3886,#3895,#3897,.T.);
#3895 = VERTEX_POINT('',#3896);
#3896 = CARTESIAN_POINT('',(115.164536,-58.490187,3.2806));
#3897 = LINE('',#3898,#3899);
#3898 = CARTESIAN_POINT('',(115.163095,-59.504819,3.2806));
#3899 = VECTOR('',#3900,1.);
#3900 = DIRECTION('',(1.420217918158E-03,0.99999899149,0.));
#3901 = ORIENTED_EDGE('',*,*,#3902,.T.);
#3902 = EDGE_CURVE('',#3895,#3903,#3905,.T.);
#3903 = VERTEX_POINT('',#3904);
#3904 = CARTESIAN_POINT('',(115.175735,-58.463151,3.2806));
#3905 = LINE('',#3906,#3907);
#3906 = CARTESIAN_POINT('',(115.164536,-58.490187,3.2806));
#3907 = VECTOR('',#3908,1.);
#3908 = DIRECTION('',(0.38269282806,0.923875640631,0.));
#3909 = ORIENTED_EDGE('',*,*,#3910,.T.);
#3910 = EDGE_CURVE('',#3903,#3801,#3911,.T.);
#3911 = LINE('',#3912,#3913);
#3912 = CARTESIAN_POINT('',(115.175735,-58.463151,3.2806));
#3913 = VECTOR('',#3914,1.);
#3914 = DIRECTION('',(0.707106781186,0.707106781187,0.));
#3915 = PLANE('',#3916);
#3916 = AXIS2_PLACEMENT_3D('',#3917,#3918,#3919);
#3917 = CARTESIAN_POINT('',(0.,0.,3.2806));
#3918 = DIRECTION('',(0.,0.,1.));
#3919 = DIRECTION('',(1.,0.,-0.));
#3920 = SHELL_BASED_SURFACE_MODEL('',(#3921));
#3921 = OPEN_SHELL('',(#3922));
#3922 = ADVANCED_FACE('',(#3923),#4118,.T.);
#3923 = FACE_BOUND('',#3924,.F.);
#3924 = EDGE_LOOP('',(#3925,#3936,#3944,#3953,#3961,#3969,#3977,#3985,
    #3994,#4002,#4011,#4019,#4027,#4035,#4044,#4052,#4061,#4069,#4078,
    #4086,#4095,#4103,#4112));
#3925 = ORIENTED_EDGE('',*,*,#3926,.T.);
#3926 = EDGE_CURVE('',#3927,#3929,#3931,.T.);
#3927 = VERTEX_POINT('',#3928);
#3928 = CARTESIAN_POINT('',(116.213976,-58.48294,3.2806));
#3929 = VERTEX_POINT('',#3930);
#3930 = CARTESIAN_POINT('',(116.285714,-58.429819,3.2806));
#3931 = CIRCLE('',#3932,7.500336100771E-02);
#3932 = AXIS2_PLACEMENT_3D('',#3933,#3934,#3935);
#3933 = CARTESIAN_POINT('',(116.2857162707,-58.50482236097,3.2806));
#3934 = DIRECTION('',(0.,0.,-1.));
#3935 = DIRECTION('',(-0.956494078934,0.29175173858,0.));
#3936 = ORIENTED_EDGE('',*,*,#3937,.T.);
#3937 = EDGE_CURVE('',#3929,#3938,#3940,.T.);
#3938 = VERTEX_POINT('',#3939);
#3939 = CARTESIAN_POINT('',(116.776536,-58.43126,3.2806));
#3940 = LINE('',#3941,#3942);
#3941 = CARTESIAN_POINT('',(116.285714,-58.429819,3.2806));
#3942 = VECTOR('',#3943,1.);
#3943 = DIRECTION('',(0.999995690299,-2.935878566407E-03,0.));
#3944 = ORIENTED_EDGE('',*,*,#3945,.T.);
#3945 = EDGE_CURVE('',#3938,#3946,#3948,.T.);
#3946 = VERTEX_POINT('',#3947);
#3947 = CARTESIAN_POINT('',(116.761904,-58.579819,3.2806));
#3948 = CIRCLE('',#3949,7.500006711464E-02);
#3949 = AXIS2_PLACEMENT_3D('',#3950,#3951,#3952);
#3950 = CARTESIAN_POINT('',(116.76190406711,-58.50481893288,3.2806));
#3951 = DIRECTION('',(0.,0.,-1.));
#3952 = DIRECTION('',(0.195092263891,0.980784894138,0.));
#3953 = ORIENTED_EDGE('',*,*,#3954,.T.);
#3954 = EDGE_CURVE('',#3946,#3955,#3957,.T.);
#3955 = VERTEX_POINT('',#3956);
#3956 = CARTESIAN_POINT('',(116.353588,-58.579819,3.2806));
#3957 = LINE('',#3958,#3959);
#3958 = CARTESIAN_POINT('',(116.761904,-58.579819,3.2806));
#3959 = VECTOR('',#3960,1.);
#3960 = DIRECTION('',(-1.,0.,0.));
#3961 = ORIENTED_EDGE('',*,*,#3962,.T.);
#3962 = EDGE_CURVE('',#3955,#3963,#3965,.T.);
#3963 = VERTEX_POINT('',#3964);
#3964 = CARTESIAN_POINT('',(116.328769,-58.828009,3.2806));
#3965 = LINE('',#3966,#3967);
#3966 = CARTESIAN_POINT('',(116.353588,-58.579819,3.2806));
#3967 = VECTOR('',#3968,1.);
#3968 = DIRECTION('',(-9.950371902103E-02,-0.99503719021,0.));
#3969 = ORIENTED_EDGE('',*,*,#3970,.T.);
#3970 = EDGE_CURVE('',#3963,#3971,#3973,.T.);
#3971 = VERTEX_POINT('',#3972);
#3972 = CARTESIAN_POINT('',(116.36632,-58.812212,3.2806));
#3973 = LINE('',#3974,#3975);
#3974 = CARTESIAN_POINT('',(116.328769,-58.828009,3.2806));
#3975 = VECTOR('',#3976,1.);
#3976 = DIRECTION('',(0.92175777459,0.387766173077,0.));
#3977 = ORIENTED_EDGE('',*,*,#3978,.T.);
#3978 = EDGE_CURVE('',#3971,#3979,#3981,.T.);
#3979 = VERTEX_POINT('',#3980);
#3980 = CARTESIAN_POINT('',(116.638856,-58.813434,3.2806));
#3981 = LINE('',#3982,#3983);
#3982 = CARTESIAN_POINT('',(116.36632,-58.812212,3.2806));
#3983 = VECTOR('',#3984,1.);
#3984 = DIRECTION('',(0.99998994787,-4.483766241139E-03,0.));
#3985 = ORIENTED_EDGE('',*,*,#3986,.T.);
#3986 = EDGE_CURVE('',#3979,#3987,#3989,.T.);
#3987 = VERTEX_POINT('',#3988);
#3988 = CARTESIAN_POINT('',(116.883082,-59.061615,3.2806));
#3989 = CIRCLE('',#3990,0.348625649748);
#3990 = AXIS2_PLACEMENT_3D('',#3991,#3992,#3993);
#3991 = CARTESIAN_POINT('',(116.54568404586,-59.14937868387,3.2806));
#3992 = DIRECTION('',(0.,0.,-1.));
#3993 = DIRECTION('',(0.267255017531,0.96362583797,0.));
#3994 = ORIENTED_EDGE('',*,*,#3995,.T.);
#3995 = EDGE_CURVE('',#3987,#3996,#3998,.T.);
#3996 = VERTEX_POINT('',#3997);
#3997 = CARTESIAN_POINT('',(116.88186,-59.334152,3.2806));
#3998 = LINE('',#3999,#4000);
#3999 = CARTESIAN_POINT('',(116.883082,-59.061615,3.2806));
#4000 = VECTOR('',#4001,1.);
#4001 = DIRECTION('',(-4.483749789516E-03,-0.999989947943,0.));
#4002 = ORIENTED_EDGE('',*,*,#4003,.T.);
#4003 = EDGE_CURVE('',#3996,#4004,#4006,.T.);
#4004 = VERTEX_POINT('',#4005);
#4005 = CARTESIAN_POINT('',(116.633679,-59.578378,3.2806));
#4006 = CIRCLE('',#4007,0.348635327447);
#4007 = AXIS2_PLACEMENT_3D('',#4008,#4009,#4010);
#4008 = CARTESIAN_POINT('',(116.54590748129,-59.24097208415,3.2806));
#4009 = DIRECTION('',(0.,0.,-1.));
#4010 = DIRECTION('',(0.963621561732,-0.267270435638,0.));
#4011 = ORIENTED_EDGE('',*,*,#4012,.T.);
#4012 = EDGE_CURVE('',#4004,#4013,#4015,.T.);
#4013 = VERTEX_POINT('',#4014);
#4014 = CARTESIAN_POINT('',(116.361142,-59.577156,3.2806));
#4015 = LINE('',#4016,#4017);
#4016 = CARTESIAN_POINT('',(116.633679,-59.578378,3.2806));
#4017 = VECTOR('',#4018,1.);
#4018 = DIRECTION('',(-0.999989947943,4.483749789516E-03,0.));
#4019 = ORIENTED_EDGE('',*,*,#4020,.T.);
#4020 = EDGE_CURVE('',#4013,#4021,#4023,.T.);
#4021 = VERTEX_POINT('',#4022);
#4022 = CARTESIAN_POINT('',(116.238429,-59.51495,3.2806));
#4023 = LINE('',#4024,#4025);
#4024 = CARTESIAN_POINT('',(116.361142,-59.577156,3.2806));
#4025 = VECTOR('',#4026,1.);
#4026 = DIRECTION('',(-0.891943702445,0.452146471477,0.));
#4027 = ORIENTED_EDGE('',*,*,#4028,.T.);
#4028 = EDGE_CURVE('',#4021,#4029,#4031,.T.);
#4029 = VERTEX_POINT('',#4030);
#4030 = CARTESIAN_POINT('',(116.175734,-59.451247,3.2806));
#4031 = LINE('',#4032,#4033);
#4032 = CARTESIAN_POINT('',(116.238429,-59.51495,3.2806));
#4033 = VECTOR('',#4034,1.);
#4034 = DIRECTION('',(-0.701445434384,0.712723159847,0.));
#4035 = ORIENTED_EDGE('',*,*,#4036,.T.);
#4036 = EDGE_CURVE('',#4029,#4037,#4039,.T.);
#4037 = VERTEX_POINT('',#4038);
#4038 = CARTESIAN_POINT('',(116.291129,-59.356548,3.2806));
#4039 = CIRCLE('',#4040,7.50001266804E-02);
#4040 = AXIS2_PLACEMENT_3D('',#4041,#4042,#4043);
#4041 = CARTESIAN_POINT('',(116.23809505199,-59.40958024831,3.2806));
#4042 = DIRECTION('',(0.,0.,-1.));
#4043 = DIRECTION('',(-0.831479288827,-0.555555750804,-0.));
#4044 = ORIENTED_EDGE('',*,*,#4045,.T.);
#4045 = EDGE_CURVE('',#4037,#4046,#4048,.T.);
#4046 = VERTEX_POINT('',#4047);
#4047 = CARTESIAN_POINT('',(116.330141,-59.395561,3.2806));
#4048 = LINE('',#4049,#4050);
#4049 = CARTESIAN_POINT('',(116.291129,-59.356548,3.2806));
#4050 = VECTOR('',#4051,1.);
#4051 = DIRECTION('',(0.707097718562,-0.707115843695,0.));
#4052 = ORIENTED_EDGE('',*,*,#4053,.T.);
#4053 = EDGE_CURVE('',#4046,#4054,#4056,.T.);
#4054 = VERTEX_POINT('',#4055);
#4055 = CARTESIAN_POINT('',(116.669857,-59.395561,3.2806));
#4056 = CIRCLE('',#4057,0.305620374329);
#4057 = AXIS2_PLACEMENT_3D('',#4058,#4059,#4060);
#4058 = CARTESIAN_POINT('',(116.499999,-59.14149,3.2806));
#4059 = DIRECTION('',(0.,0.,1.));
#4060 = DIRECTION('',(-0.555781008949,-0.831328737679,0.));
#4061 = ORIENTED_EDGE('',*,*,#4062,.T.);
#4062 = EDGE_CURVE('',#4054,#4063,#4065,.T.);
#4063 = VERTEX_POINT('',#4064);
#4064 = CARTESIAN_POINT('',(116.700264,-59.365153,3.2806));
#4065 = LINE('',#4066,#4067);
#4066 = CARTESIAN_POINT('',(116.669857,-59.395561,3.2806));
#4067 = VECTOR('',#4068,1.);
#4068 = DIRECTION('',(0.707095153914,0.707118408268,0.));
#4069 = ORIENTED_EDGE('',*,*,#4070,.T.);
#4070 = EDGE_CURVE('',#4063,#4071,#4073,.T.);
#4071 = VERTEX_POINT('',#4072);
#4072 = CARTESIAN_POINT('',(116.700265,-59.025436,3.2806));
#4073 = CIRCLE('',#4074,0.305616146029);
#4074 = AXIS2_PLACEMENT_3D('',#4075,#4076,#4077);
#4075 = CARTESIAN_POINT('',(116.44619892049,-59.19529375212,3.2806));
#4076 = DIRECTION('',(0.,-0.,1.));
#4077 = DIRECTION('',(0.831320867071,-0.555792781505,-0.));
#4078 = ORIENTED_EDGE('',*,*,#4079,.T.);
#4079 = EDGE_CURVE('',#4071,#4080,#4082,.T.);
#4080 = VERTEX_POINT('',#4081);
#4081 = CARTESIAN_POINT('',(116.669858,-58.995029,3.2806));
#4082 = LINE('',#4083,#4084);
#4083 = CARTESIAN_POINT('',(116.700265,-59.025436,3.2806));
#4084 = VECTOR('',#4085,1.);
#4085 = DIRECTION('',(-0.707106781187,0.707106781187,0.));
#4086 = ORIENTED_EDGE('',*,*,#4087,.T.);
#4087 = EDGE_CURVE('',#4080,#4088,#4090,.T.);
#4088 = VERTEX_POINT('',#4089);
#4089 = CARTESIAN_POINT('',(116.330141,-58.995029,3.2806));
#4090 = CIRCLE('',#4091,0.305621483548);
#4091 = AXIS2_PLACEMENT_3D('',#4092,#4093,#4094);
#4092 = CARTESIAN_POINT('',(116.4999995,-59.249101,3.2806));
#4093 = DIRECTION('',(0.,0.,1.));
#4094 = DIRECTION('',(0.555780627814,0.831328992485,-0.));
#4095 = ORIENTED_EDGE('',*,*,#4096,.T.);
#4096 = EDGE_CURVE('',#4088,#4097,#4099,.T.);
#4097 = VERTEX_POINT('',#4098);
#4098 = CARTESIAN_POINT('',(116.273351,-59.047206,3.2806));
#4099 = LINE('',#4100,#4101);
#4100 = CARTESIAN_POINT('',(116.330141,-58.995029,3.2806));
#4101 = VECTOR('',#4102,1.);
#4102 = DIRECTION('',(-0.736381819545,-0.676566194724,0.));
#4103 = ORIENTED_EDGE('',*,*,#4104,.T.);
#4104 = EDGE_CURVE('',#4097,#4105,#4107,.T.);
#4105 = VERTEX_POINT('',#4106);
#4106 = CARTESIAN_POINT('',(116.163445,-58.988249,3.2806));
#4107 = CIRCLE('',#4108,7.500024172473E-02);
#4108 = AXIS2_PLACEMENT_3D('',#4109,#4110,#4111);
#4109 = CARTESIAN_POINT('',(116.23809497002,-58.98100895619,3.2806));
#4110 = DIRECTION('',(-0.,0.,-1.));
#4111 = DIRECTION('',(0.470078884633,-0.882624406088,-0.));
#4112 = ORIENTED_EDGE('',*,*,#4113,.T.);
#4113 = EDGE_CURVE('',#4105,#3927,#4114,.T.);
#4114 = LINE('',#4115,#4116);
#4115 = CARTESIAN_POINT('',(116.163445,-58.988249,3.2806));
#4116 = VECTOR('',#4117,1.);
#4117 = DIRECTION('',(9.950391398791E-02,0.995037170713,0.));
#4118 = PLANE('',#4119);
#4119 = AXIS2_PLACEMENT_3D('',#4120,#4121,#4122);
#4120 = CARTESIAN_POINT('',(0.,0.,3.2806));
#4121 = DIRECTION('',(0.,0.,1.));
#4122 = DIRECTION('',(1.,0.,-0.));
#4123 = SHELL_BASED_SURFACE_MODEL('',(#4124));
#4124 = OPEN_SHELL('',(#4125));
#4125 = ADVANCED_FACE('',(#4126),#4244,.T.);
#4126 = FACE_BOUND('',#4127,.F.);
#4127 = EDGE_LOOP('',(#4128,#4139,#4147,#4155,#4163,#4172,#4180,#4189,
    #4197,#4205,#4213,#4222,#4230,#4238));
#4128 = ORIENTED_EDGE('',*,*,#4129,.T.);
#4129 = EDGE_CURVE('',#4130,#4132,#4134,.T.);
#4130 = VERTEX_POINT('',#4131);
#4131 = CARTESIAN_POINT('',(151.696427,-58.442459,3.2806));
#4132 = VERTEX_POINT('',#4133);
#4133 = CARTESIAN_POINT('',(151.813095,-58.504819,3.2806));
#4134 = CIRCLE('',#4135,7.500000000004E-02);
#4135 = AXIS2_PLACEMENT_3D('',#4136,#4137,#4138);
#4136 = CARTESIAN_POINT('',(151.738095,-58.50481906555,3.2806));
#4137 = DIRECTION('',(0.,0.,-1.));
#4138 = DIRECTION('',(-0.555573333333,0.831467540731,0.));
#4139 = ORIENTED_EDGE('',*,*,#4140,.T.);
#4140 = EDGE_CURVE('',#4132,#4141,#4143,.T.);
#4141 = VERTEX_POINT('',#4142);
#4142 = CARTESIAN_POINT('',(151.813095,-58.906009,3.2806));
#4143 = LINE('',#4144,#4145);
#4144 = CARTESIAN_POINT('',(151.813095,-58.504819,3.2806));
#4145 = VECTOR('',#4146,1.);
#4146 = DIRECTION('',(0.,-1.,0.));
#4147 = ORIENTED_EDGE('',*,*,#4148,.T.);
#4148 = EDGE_CURVE('',#4141,#4149,#4151,.T.);
#4149 = VERTEX_POINT('',#4150);
#4150 = CARTESIAN_POINT('',(152.234523,-58.906009,3.2806));
#4151 = LINE('',#4152,#4153);
#4152 = CARTESIAN_POINT('',(151.813095,-58.906009,3.2806));
#4153 = VECTOR('',#4154,1.);
#4154 = DIRECTION('',(1.,0.,0.));
#4155 = ORIENTED_EDGE('',*,*,#4156,.T.);
#4156 = EDGE_CURVE('',#4149,#4157,#4159,.T.);
#4157 = VERTEX_POINT('',#4158);
#4158 = CARTESIAN_POINT('',(152.235964,-58.490187,3.2806));
#4159 = LINE('',#4160,#4161);
#4160 = CARTESIAN_POINT('',(152.234523,-58.906009,3.2806));
#4161 = VECTOR('',#4162,1.);
#4162 = DIRECTION('',(3.465404301528E-03,0.999993995468,0.));
#4163 = ORIENTED_EDGE('',*,*,#4164,.T.);
#4164 = EDGE_CURVE('',#4157,#4165,#4167,.T.);
#4165 = VERTEX_POINT('',#4166);
#4166 = CARTESIAN_POINT('',(152.384523,-58.504819,3.2806));
#4167 = CIRCLE('',#4168,7.500006711464E-02);
#4168 = AXIS2_PLACEMENT_3D('',#4169,#4170,#4171);
#4169 = CARTESIAN_POINT('',(152.30952293288,-58.50481893288,3.2806));
#4170 = DIRECTION('',(0.,0.,-1.));
#4171 = DIRECTION('',(-0.980784894138,0.195092263891,0.));
#4172 = ORIENTED_EDGE('',*,*,#4173,.T.);
#4173 = EDGE_CURVE('',#4165,#4174,#4176,.T.);
#4174 = VERTEX_POINT('',#4175);
#4175 = CARTESIAN_POINT('',(152.383082,-59.519451,3.2806));
#4176 = LINE('',#4177,#4178);
#4177 = CARTESIAN_POINT('',(152.384523,-58.504819,3.2806));
#4178 = VECTOR('',#4179,1.);
#4179 = DIRECTION('',(-1.420217918158E-03,-0.99999899149,0.));
#4180 = ORIENTED_EDGE('',*,*,#4181,.T.);
#4181 = EDGE_CURVE('',#4174,#4182,#4184,.T.);
#4182 = VERTEX_POINT('',#4183);
#4183 = CARTESIAN_POINT('',(152.234523,-59.504819,3.2806));
#4184 = CIRCLE('',#4185,7.500006711464E-02);
#4185 = AXIS2_PLACEMENT_3D('',#4186,#4187,#4188);
#4186 = CARTESIAN_POINT('',(152.30952306711,-59.50481906711,3.2806));
#4187 = DIRECTION('',(-0.,0.,-1.));
#4188 = DIRECTION('',(0.980784894138,-0.195092263891,-0.));
#4189 = ORIENTED_EDGE('',*,*,#4190,.T.);
#4190 = EDGE_CURVE('',#4182,#4191,#4193,.T.);
#4191 = VERTEX_POINT('',#4192);
#4192 = CARTESIAN_POINT('',(152.234523,-59.056009,3.2806));
#4193 = LINE('',#4194,#4195);
#4194 = CARTESIAN_POINT('',(152.234523,-59.504819,3.2806));
#4195 = VECTOR('',#4196,1.);
#4196 = DIRECTION('',(0.,1.,0.));
#4197 = ORIENTED_EDGE('',*,*,#4198,.T.);
#4198 = EDGE_CURVE('',#4191,#4199,#4201,.T.);
#4199 = VERTEX_POINT('',#4200);
#4200 = CARTESIAN_POINT('',(151.813095,-59.056009,3.2806));
#4201 = LINE('',#4202,#4203);
#4202 = CARTESIAN_POINT('',(152.234523,-59.056009,3.2806));
#4203 = VECTOR('',#4204,1.);
#4204 = DIRECTION('',(-1.,0.,0.));
#4205 = ORIENTED_EDGE('',*,*,#4206,.T.);
#4206 = EDGE_CURVE('',#4199,#4207,#4209,.T.);
#4207 = VERTEX_POINT('',#4208);
#4208 = CARTESIAN_POINT('',(151.811654,-59.519451,3.2806));
#4209 = LINE('',#4210,#4211);
#4210 = CARTESIAN_POINT('',(151.813095,-59.056009,3.2806));
#4211 = VECTOR('',#4212,1.);
#4212 = DIRECTION('',(-3.109327670448E-03,-0.999995166029,0.));
#4213 = ORIENTED_EDGE('',*,*,#4214,.T.);
#4214 = EDGE_CURVE('',#4207,#4215,#4217,.T.);
#4215 = VERTEX_POINT('',#4216);
#4216 = CARTESIAN_POINT('',(151.663095,-59.504819,3.2806));
#4217 = CIRCLE('',#4218,7.500006711464E-02);
#4218 = AXIS2_PLACEMENT_3D('',#4219,#4220,#4221);
#4219 = CARTESIAN_POINT('',(151.73809506711,-59.50481906711,3.2806));
#4220 = DIRECTION('',(-0.,0.,-1.));
#4221 = DIRECTION('',(0.980784894138,-0.195092263891,-0.));
#4222 = ORIENTED_EDGE('',*,*,#4223,.T.);
#4223 = EDGE_CURVE('',#4215,#4224,#4226,.T.);
#4224 = VERTEX_POINT('',#4225);
#4225 = CARTESIAN_POINT('',(151.664536,-58.490187,3.2806));
#4226 = LINE('',#4227,#4228);
#4227 = CARTESIAN_POINT('',(151.663095,-59.504819,3.2806));
#4228 = VECTOR('',#4229,1.);
#4229 = DIRECTION('',(1.420217918158E-03,0.99999899149,0.));
#4230 = ORIENTED_EDGE('',*,*,#4231,.T.);
#4231 = EDGE_CURVE('',#4224,#4232,#4234,.T.);
#4232 = VERTEX_POINT('',#4233);
#4233 = CARTESIAN_POINT('',(151.675735,-58.463151,3.2806));
#4234 = LINE('',#4235,#4236);
#4235 = CARTESIAN_POINT('',(151.664536,-58.490187,3.2806));
#4236 = VECTOR('',#4237,1.);
#4237 = DIRECTION('',(0.38269282806,0.923875640631,0.));
#4238 = ORIENTED_EDGE('',*,*,#4239,.T.);
#4239 = EDGE_CURVE('',#4232,#4130,#4240,.T.);
#4240 = LINE('',#4241,#4242);
#4241 = CARTESIAN_POINT('',(151.675735,-58.463151,3.2806));
#4242 = VECTOR('',#4243,1.);
#4243 = DIRECTION('',(0.707106781186,0.707106781187,0.));
#4244 = PLANE('',#4245);
#4245 = AXIS2_PLACEMENT_3D('',#4246,#4247,#4248);
#4246 = CARTESIAN_POINT('',(0.,0.,3.2806));
#4247 = DIRECTION('',(0.,0.,1.));
#4248 = DIRECTION('',(1.,0.,-0.));
#4249 = SHELL_BASED_SURFACE_MODEL('',(#4250));
#4250 = OPEN_SHELL('',(#4251));
#4251 = ADVANCED_FACE('',(#4252),#4370,.T.);
#4252 = FACE_BOUND('',#4253,.F.);
#4253 = EDGE_LOOP('',(#4254,#4265,#4273,#4281,#4289,#4298,#4306,#4315,
    #4323,#4331,#4339,#4348,#4356,#4364));
#4254 = ORIENTED_EDGE('',*,*,#4255,.T.);
#4255 = EDGE_CURVE('',#4256,#4258,#4260,.T.);
#4256 = VERTEX_POINT('',#4257);
#4257 = CARTESIAN_POINT('',(188.696427,-58.442459,3.2806));
#4258 = VERTEX_POINT('',#4259);
#4259 = CARTESIAN_POINT('',(188.813095,-58.504819,3.2806));
#4260 = CIRCLE('',#4261,7.500000000004E-02);
#4261 = AXIS2_PLACEMENT_3D('',#4262,#4263,#4264);
#4262 = CARTESIAN_POINT('',(188.738095,-58.50481906555,3.2806));
#4263 = DIRECTION('',(0.,0.,-1.));
#4264 = DIRECTION('',(-0.555573333333,0.831467540731,0.));
#4265 = ORIENTED_EDGE('',*,*,#4266,.T.);
#4266 = EDGE_CURVE('',#4258,#4267,#4269,.T.);
#4267 = VERTEX_POINT('',#4268);
#4268 = CARTESIAN_POINT('',(188.813095,-58.906009,3.2806));
#4269 = LINE('',#4270,#4271);
#4270 = CARTESIAN_POINT('',(188.813095,-58.504819,3.2806));
#4271 = VECTOR('',#4272,1.);
#4272 = DIRECTION('',(0.,-1.,0.));
#4273 = ORIENTED_EDGE('',*,*,#4274,.T.);
#4274 = EDGE_CURVE('',#4267,#4275,#4277,.T.);
#4275 = VERTEX_POINT('',#4276);
#4276 = CARTESIAN_POINT('',(189.234523,-58.906009,3.2806));
#4277 = LINE('',#4278,#4279);
#4278 = CARTESIAN_POINT('',(188.813095,-58.906009,3.2806));
#4279 = VECTOR('',#4280,1.);
#4280 = DIRECTION('',(1.,0.,0.));
#4281 = ORIENTED_EDGE('',*,*,#4282,.T.);
#4282 = EDGE_CURVE('',#4275,#4283,#4285,.T.);
#4283 = VERTEX_POINT('',#4284);
#4284 = CARTESIAN_POINT('',(189.235964,-58.490187,3.2806));
#4285 = LINE('',#4286,#4287);
#4286 = CARTESIAN_POINT('',(189.234523,-58.906009,3.2806));
#4287 = VECTOR('',#4288,1.);
#4288 = DIRECTION('',(3.465404301528E-03,0.999993995468,0.));
#4289 = ORIENTED_EDGE('',*,*,#4290,.T.);
#4290 = EDGE_CURVE('',#4283,#4291,#4293,.T.);
#4291 = VERTEX_POINT('',#4292);
#4292 = CARTESIAN_POINT('',(189.384523,-58.504819,3.2806));
#4293 = CIRCLE('',#4294,7.500006711464E-02);
#4294 = AXIS2_PLACEMENT_3D('',#4295,#4296,#4297);
#4295 = CARTESIAN_POINT('',(189.30952293288,-58.50481893288,3.2806));
#4296 = DIRECTION('',(0.,0.,-1.));
#4297 = DIRECTION('',(-0.980784894138,0.195092263891,0.));
#4298 = ORIENTED_EDGE('',*,*,#4299,.T.);
#4299 = EDGE_CURVE('',#4291,#4300,#4302,.T.);
#4300 = VERTEX_POINT('',#4301);
#4301 = CARTESIAN_POINT('',(189.383082,-59.519451,3.2806));
#4302 = LINE('',#4303,#4304);
#4303 = CARTESIAN_POINT('',(189.384523,-58.504819,3.2806));
#4304 = VECTOR('',#4305,1.);
#4305 = DIRECTION('',(-1.420217918158E-03,-0.99999899149,0.));
#4306 = ORIENTED_EDGE('',*,*,#4307,.T.);
#4307 = EDGE_CURVE('',#4300,#4308,#4310,.T.);
#4308 = VERTEX_POINT('',#4309);
#4309 = CARTESIAN_POINT('',(189.234523,-59.504819,3.2806));
#4310 = CIRCLE('',#4311,7.500006711464E-02);
#4311 = AXIS2_PLACEMENT_3D('',#4312,#4313,#4314);
#4312 = CARTESIAN_POINT('',(189.30952306711,-59.50481906711,3.2806));
#4313 = DIRECTION('',(-0.,0.,-1.));
#4314 = DIRECTION('',(0.980784894138,-0.195092263891,-0.));
#4315 = ORIENTED_EDGE('',*,*,#4316,.T.);
#4316 = EDGE_CURVE('',#4308,#4317,#4319,.T.);
#4317 = VERTEX_POINT('',#4318);
#4318 = CARTESIAN_POINT('',(189.234523,-59.056009,3.2806));
#4319 = LINE('',#4320,#4321);
#4320 = CARTESIAN_POINT('',(189.234523,-59.504819,3.2806));
#4321 = VECTOR('',#4322,1.);
#4322 = DIRECTION('',(0.,1.,0.));
#4323 = ORIENTED_EDGE('',*,*,#4324,.T.);
#4324 = EDGE_CURVE('',#4317,#4325,#4327,.T.);
#4325 = VERTEX_POINT('',#4326);
#4326 = CARTESIAN_POINT('',(188.813095,-59.056009,3.2806));
#4327 = LINE('',#4328,#4329);
#4328 = CARTESIAN_POINT('',(189.234523,-59.056009,3.2806));
#4329 = VECTOR('',#4330,1.);
#4330 = DIRECTION('',(-1.,0.,0.));
#4331 = ORIENTED_EDGE('',*,*,#4332,.T.);
#4332 = EDGE_CURVE('',#4325,#4333,#4335,.T.);
#4333 = VERTEX_POINT('',#4334);
#4334 = CARTESIAN_POINT('',(188.811654,-59.519451,3.2806));
#4335 = LINE('',#4336,#4337);
#4336 = CARTESIAN_POINT('',(188.813095,-59.056009,3.2806));
#4337 = VECTOR('',#4338,1.);
#4338 = DIRECTION('',(-3.109327670448E-03,-0.999995166029,0.));
#4339 = ORIENTED_EDGE('',*,*,#4340,.T.);
#4340 = EDGE_CURVE('',#4333,#4341,#4343,.T.);
#4341 = VERTEX_POINT('',#4342);
#4342 = CARTESIAN_POINT('',(188.663095,-59.504819,3.2806));
#4343 = CIRCLE('',#4344,7.500006711464E-02);
#4344 = AXIS2_PLACEMENT_3D('',#4345,#4346,#4347);
#4345 = CARTESIAN_POINT('',(188.73809506711,-59.50481906711,3.2806));
#4346 = DIRECTION('',(-0.,0.,-1.));
#4347 = DIRECTION('',(0.980784894138,-0.195092263891,-0.));
#4348 = ORIENTED_EDGE('',*,*,#4349,.T.);
#4349 = EDGE_CURVE('',#4341,#4350,#4352,.T.);
#4350 = VERTEX_POINT('',#4351);
#4351 = CARTESIAN_POINT('',(188.664536,-58.490187,3.2806));
#4352 = LINE('',#4353,#4354);
#4353 = CARTESIAN_POINT('',(188.663095,-59.504819,3.2806));
#4354 = VECTOR('',#4355,1.);
#4355 = DIRECTION('',(1.420217918158E-03,0.99999899149,0.));
#4356 = ORIENTED_EDGE('',*,*,#4357,.T.);
#4357 = EDGE_CURVE('',#4350,#4358,#4360,.T.);
#4358 = VERTEX_POINT('',#4359);
#4359 = CARTESIAN_POINT('',(188.675735,-58.463151,3.2806));
#4360 = LINE('',#4361,#4362);
#4361 = CARTESIAN_POINT('',(188.664536,-58.490187,3.2806));
#4362 = VECTOR('',#4363,1.);
#4363 = DIRECTION('',(0.38269282806,0.923875640631,0.));
#4364 = ORIENTED_EDGE('',*,*,#4365,.T.);
#4365 = EDGE_CURVE('',#4358,#4256,#4366,.T.);
#4366 = LINE('',#4367,#4368);
#4367 = CARTESIAN_POINT('',(188.675735,-58.463151,3.2806));
#4368 = VECTOR('',#4369,1.);
#4369 = DIRECTION('',(0.707106781186,0.707106781187,0.));
#4370 = PLANE('',#4371);
#4371 = AXIS2_PLACEMENT_3D('',#4372,#4373,#4374);
#4372 = CARTESIAN_POINT('',(0.,0.,3.2806));
#4373 = DIRECTION('',(0.,0.,1.));
#4374 = DIRECTION('',(1.,0.,-0.));
#4375 = SHELL_BASED_SURFACE_MODEL('',(#4376));
#4376 = OPEN_SHELL('',(#4377));
#4377 = ADVANCED_FACE('',(#4378,#4521),#4591,.T.);
#4378 = FACE_BOUND('',#4379,.F.);
#4379 = EDGE_LOOP('',(#4380,#4391,#4399,#4407,#4416,#4424,#4432,#4440,
    #4448,#4456,#4464,#4472,#4481,#4489,#4498,#4506,#4515));
#4380 = ORIENTED_EDGE('',*,*,#4381,.T.);
#4381 = EDGE_CURVE('',#4382,#4384,#4386,.T.);
#4382 = VERTEX_POINT('',#4383);
#4383 = CARTESIAN_POINT('',(189.665334,-58.9152,3.2806));
#4384 = VERTEX_POINT('',#4385);
#4385 = CARTESIAN_POINT('',(189.89503,-58.485356,3.2806));
#4386 = CIRCLE('',#4387,0.610092147705);
#4387 = AXIS2_PLACEMENT_3D('',#4388,#4389,#4390);
#4388 = CARTESIAN_POINT('',(190.27348074024,-58.96388234817,3.2806));
#4389 = DIRECTION('',(0.,0.,-1.));
#4390 = DIRECTION('',(-0.99681128913,7.979507417357E-02,0.));
#4391 = ORIENTED_EDGE('',*,*,#4392,.T.);
#4392 = EDGE_CURVE('',#4384,#4393,#4395,.T.);
#4393 = VERTEX_POINT('',#4394);
#4394 = CARTESIAN_POINT('',(190.009177,-58.43126,3.2806));
#4395 = LINE('',#4396,#4397);
#4396 = CARTESIAN_POINT('',(189.89503,-58.485356,3.2806));
#4397 = VECTOR('',#4398,1.);
#4398 = DIRECTION('',(0.903657062662,0.428256830769,0.));
#4399 = ORIENTED_EDGE('',*,*,#4400,.T.);
#4400 = EDGE_CURVE('',#4393,#4401,#4403,.T.);
#4401 = VERTEX_POINT('',#4402);
#4402 = CARTESIAN_POINT('',(190.228917,-58.43126,3.2806));
#4403 = LINE('',#4404,#4405);
#4404 = CARTESIAN_POINT('',(190.009177,-58.43126,3.2806));
#4405 = VECTOR('',#4406,1.);
#4406 = DIRECTION('',(1.,0.,0.));
#4407 = ORIENTED_EDGE('',*,*,#4408,.T.);
#4408 = EDGE_CURVE('',#4401,#4409,#4411,.T.);
#4409 = VERTEX_POINT('',#4410);
#4410 = CARTESIAN_POINT('',(190.214285,-58.579819,3.2806));
#4411 = CIRCLE('',#4412,7.500006711465E-02);
#4412 = AXIS2_PLACEMENT_3D('',#4413,#4414,#4415);
#4413 = CARTESIAN_POINT('',(190.21428506711,-58.50481893288,3.2806));
#4414 = DIRECTION('',(0.,0.,-1.));
#4415 = DIRECTION('',(0.195092263891,0.980784894138,0.));
#4416 = ORIENTED_EDGE('',*,*,#4417,.T.);
#4417 = EDGE_CURVE('',#4409,#4418,#4420,.T.);
#4418 = VERTEX_POINT('',#4419);
#4419 = CARTESIAN_POINT('',(190.041514,-58.579819,3.2806));
#4420 = LINE('',#4421,#4422);
#4421 = CARTESIAN_POINT('',(190.214285,-58.579819,3.2806));
#4422 = VECTOR('',#4423,1.);
#4423 = DIRECTION('',(-1.,0.,0.));
#4424 = ORIENTED_EDGE('',*,*,#4425,.T.);
#4425 = EDGE_CURVE('',#4418,#4426,#4428,.T.);
#4426 = VERTEX_POINT('',#4427);
#4427 = CARTESIAN_POINT('',(189.972998,-58.614077,3.2806));
#4428 = LINE('',#4429,#4430);
#4429 = CARTESIAN_POINT('',(190.041514,-58.579819,3.2806));
#4430 = VECTOR('',#4431,1.);
#4431 = DIRECTION('',(-0.894427191,-0.4472135955,0.));
#4432 = ORIENTED_EDGE('',*,*,#4433,.T.);
#4433 = EDGE_CURVE('',#4426,#4434,#4436,.T.);
#4434 = VERTEX_POINT('',#4435);
#4435 = CARTESIAN_POINT('',(189.939236,-58.647838,3.2806));
#4436 = LINE('',#4437,#4438);
#4437 = CARTESIAN_POINT('',(189.972998,-58.614077,3.2806));
#4438 = VECTOR('',#4439,1.);
#4439 = DIRECTION('',(-0.707117253197,-0.707096309021,0.));
#4440 = ORIENTED_EDGE('',*,*,#4441,.T.);
#4441 = EDGE_CURVE('',#4434,#4442,#4444,.T.);
#4442 = VERTEX_POINT('',#4443);
#4443 = CARTESIAN_POINT('',(189.855324,-58.773707,3.2806));
#4444 = LINE('',#4445,#4446);
#4445 = CARTESIAN_POINT('',(189.939236,-58.647838,3.2806));
#4446 = VECTOR('',#4447,1.);
#4447 = DIRECTION('',(-0.554697145239,-0.832052328321,0.));
#4448 = ORIENTED_EDGE('',*,*,#4449,.T.);
#4449 = EDGE_CURVE('',#4442,#4450,#4452,.T.);
#4450 = VERTEX_POINT('',#4451);
#4451 = CARTESIAN_POINT('',(189.8368,-58.847804,3.2806));
#4452 = LINE('',#4453,#4454);
#4453 = CARTESIAN_POINT('',(189.855324,-58.773707,3.2806));
#4454 = VECTOR('',#4455,1.);
#4455 = DIRECTION('',(-0.242532544357,-0.97014327031,0.));
#4456 = ORIENTED_EDGE('',*,*,#4457,.T.);
#4457 = EDGE_CURVE('',#4450,#4458,#4460,.T.);
#4458 = VERTEX_POINT('',#4459);
#4459 = CARTESIAN_POINT('',(189.913939,-58.812212,3.2806));
#4460 = LINE('',#4461,#4462);
#4461 = CARTESIAN_POINT('',(189.8368,-58.847804,3.2806));
#4462 = VECTOR('',#4463,1.);
#4463 = DIRECTION('',(0.90800692221,0.418955163734,0.));
#4464 = ORIENTED_EDGE('',*,*,#4465,.T.);
#4465 = EDGE_CURVE('',#4458,#4466,#4468,.T.);
#4466 = VERTEX_POINT('',#4467);
#4467 = CARTESIAN_POINT('',(190.138856,-58.813434,3.2806));
#4468 = LINE('',#4469,#4470);
#4469 = CARTESIAN_POINT('',(189.913939,-58.812212,3.2806));
#4470 = VECTOR('',#4471,1.);
#4471 = DIRECTION('',(0.999985240956,-5.433035139391E-03,0.));
#4472 = ORIENTED_EDGE('',*,*,#4473,.T.);
#4473 = EDGE_CURVE('',#4466,#4474,#4476,.T.);
#4474 = VERTEX_POINT('',#4475);
#4475 = CARTESIAN_POINT('',(190.383082,-59.061615,3.2806));
#4476 = CIRCLE('',#4477,0.348625649748);
#4477 = AXIS2_PLACEMENT_3D('',#4478,#4479,#4480);
#4478 = CARTESIAN_POINT('',(190.04568404586,-59.14937868387,3.2806));
#4479 = DIRECTION('',(0.,0.,-1.));
#4480 = DIRECTION('',(0.267255017531,0.96362583797,0.));
#4481 = ORIENTED_EDGE('',*,*,#4482,.T.);
#4482 = EDGE_CURVE('',#4474,#4483,#4485,.T.);
#4483 = VERTEX_POINT('',#4484);
#4484 = CARTESIAN_POINT('',(190.38186,-59.334152,3.2806));
#4485 = LINE('',#4486,#4487);
#4486 = CARTESIAN_POINT('',(190.383082,-59.061615,3.2806));
#4487 = VECTOR('',#4488,1.);
#4488 = DIRECTION('',(-4.483749789568E-03,-0.999989947943,0.));
#4489 = ORIENTED_EDGE('',*,*,#4490,.T.);
#4490 = EDGE_CURVE('',#4483,#4491,#4493,.T.);
#4491 = VERTEX_POINT('',#4492);
#4492 = CARTESIAN_POINT('',(190.133679,-59.578378,3.2806));
#4493 = CIRCLE('',#4494,0.348635327447);
#4494 = AXIS2_PLACEMENT_3D('',#4495,#4496,#4497);
#4495 = CARTESIAN_POINT('',(190.04590748129,-59.24097208415,3.2806));
#4496 = DIRECTION('',(0.,0.,-1.));
#4497 = DIRECTION('',(0.963621561732,-0.267270435637,0.));
#4498 = ORIENTED_EDGE('',*,*,#4499,.T.);
#4499 = EDGE_CURVE('',#4491,#4500,#4502,.T.);
#4500 = VERTEX_POINT('',#4501);
#4501 = CARTESIAN_POINT('',(189.908761,-59.577156,3.2806));
#4502 = LINE('',#4503,#4504);
#4503 = CARTESIAN_POINT('',(190.133679,-59.578378,3.2806));
#4504 = VECTOR('',#4505,1.);
#4505 = DIRECTION('',(-0.999985241087,5.433010984477E-03,0.));
#4506 = ORIENTED_EDGE('',*,*,#4507,.T.);
#4507 = EDGE_CURVE('',#4500,#4508,#4510,.T.);
#4508 = VERTEX_POINT('',#4509);
#4509 = CARTESIAN_POINT('',(189.664536,-59.328974,3.2806));
#4510 = CIRCLE('',#4511,0.348628446662);
#4511 = AXIS2_PLACEMENT_3D('',#4512,#4513,#4514);
#4512 = CARTESIAN_POINT('',(190.00193661322,-59.24120942847,3.2806));
#4513 = DIRECTION('',(0.,0.,-1.));
#4514 = DIRECTION('',(-0.267263369124,-0.963623521675,-0.));
#4515 = ORIENTED_EDGE('',*,*,#4516,.T.);
#4516 = EDGE_CURVE('',#4508,#4382,#4517,.T.);
#4517 = LINE('',#4518,#4519);
#4518 = CARTESIAN_POINT('',(189.664536,-59.328974,3.2806));
#4519 = VECTOR('',#4520,1.);
#4520 = DIRECTION('',(1.928585449894E-03,0.999998140277,0.));
#4521 = FACE_BOUND('',#4522,.F.);
#4522 = EDGE_LOOP('',(#4523,#4534,#4542,#4551,#4559,#4568,#4576,#4585));
#4523 = ORIENTED_EDGE('',*,*,#4524,.T.);
#4524 = EDGE_CURVE('',#4525,#4527,#4529,.T.);
#4525 = VERTEX_POINT('',#4526);
#4526 = CARTESIAN_POINT('',(190.169858,-58.995029,3.2806));
#4527 = VERTEX_POINT('',#4528);
#4528 = CARTESIAN_POINT('',(189.87776,-58.995029,3.2806));
#4529 = CIRCLE('',#4530,0.252889603602);
#4530 = AXIS2_PLACEMENT_3D('',#4531,#4532,#4533);
#4531 = CARTESIAN_POINT('',(190.023809,-59.201482,3.2806));
#4532 = DIRECTION('',(0.,0.,1.));
#4533 = DIRECTION('',(0.577520775547,0.816375988018,-0.));
#4534 = ORIENTED_EDGE('',*,*,#4535,.T.);
#4535 = EDGE_CURVE('',#4527,#4536,#4538,.T.);
#4536 = VERTEX_POINT('',#4537);
#4537 = CARTESIAN_POINT('',(189.847353,-59.025436,3.2806));
#4538 = LINE('',#4539,#4540);
#4539 = CARTESIAN_POINT('',(189.87776,-58.995029,3.2806));
#4540 = VECTOR('',#4541,1.);
#4541 = DIRECTION('',(-0.707106781187,-0.707106781187,0.));
#4542 = ORIENTED_EDGE('',*,*,#4543,.T.);
#4543 = EDGE_CURVE('',#4536,#4544,#4546,.T.);
#4544 = VERTEX_POINT('',#4545);
#4545 = CARTESIAN_POINT('',(189.847353,-59.365153,3.2806));
#4546 = CIRCLE('',#4547,0.305621483548);
#4547 = AXIS2_PLACEMENT_3D('',#4548,#4549,#4550);
#4548 = CARTESIAN_POINT('',(190.101425,-59.1952945,3.2806));
#4549 = DIRECTION('',(0.,0.,1.));
#4550 = DIRECTION('',(-0.831328992485,0.555780627814,0.));
#4551 = ORIENTED_EDGE('',*,*,#4552,.T.);
#4552 = EDGE_CURVE('',#4544,#4553,#4555,.T.);
#4553 = VERTEX_POINT('',#4554);
#4554 = CARTESIAN_POINT('',(189.87776,-59.395561,3.2806));
#4555 = LINE('',#4556,#4557);
#4556 = CARTESIAN_POINT('',(189.847353,-59.365153,3.2806));
#4557 = VECTOR('',#4558,1.);
#4558 = DIRECTION('',(0.707095153914,-0.707118408268,0.));
#4559 = ORIENTED_EDGE('',*,*,#4560,.T.);
#4560 = EDGE_CURVE('',#4553,#4561,#4563,.T.);
#4561 = VERTEX_POINT('',#4562);
#4562 = CARTESIAN_POINT('',(190.169857,-59.395561,3.2806));
#4563 = CIRCLE('',#4564,0.252888498466);
#4564 = AXIS2_PLACEMENT_3D('',#4565,#4566,#4567);
#4565 = CARTESIAN_POINT('',(190.0238085,-59.189109,3.2806));
#4566 = DIRECTION('',(0.,0.,1.));
#4567 = DIRECTION('',(-0.577521322188,-0.816375601313,0.));
#4568 = ORIENTED_EDGE('',*,*,#4569,.T.);
#4569 = EDGE_CURVE('',#4561,#4570,#4572,.T.);
#4570 = VERTEX_POINT('',#4571);
#4571 = CARTESIAN_POINT('',(190.200264,-59.365153,3.2806));
#4572 = LINE('',#4573,#4574);
#4573 = CARTESIAN_POINT('',(190.169857,-59.395561,3.2806));
#4574 = VECTOR('',#4575,1.);
#4575 = DIRECTION('',(0.707095153914,0.707118408268,0.));
#4576 = ORIENTED_EDGE('',*,*,#4577,.T.);
#4577 = EDGE_CURVE('',#4570,#4578,#4580,.T.);
#4578 = VERTEX_POINT('',#4579);
#4579 = CARTESIAN_POINT('',(190.200265,-59.025436,3.2806));
#4580 = CIRCLE('',#4581,0.305616146029);
#4581 = AXIS2_PLACEMENT_3D('',#4582,#4583,#4584);
#4582 = CARTESIAN_POINT('',(189.94619892049,-59.19529375212,3.2806));
#4583 = DIRECTION('',(0.,-0.,1.));
#4584 = DIRECTION('',(0.831320867071,-0.555792781505,-0.));
#4585 = ORIENTED_EDGE('',*,*,#4586,.T.);
#4586 = EDGE_CURVE('',#4578,#4525,#4587,.T.);
#4587 = LINE('',#4588,#4589);
#4588 = CARTESIAN_POINT('',(190.200265,-59.025436,3.2806));
#4589 = VECTOR('',#4590,1.);
#4590 = DIRECTION('',(-0.707106781187,0.707106781187,0.));
#4591 = PLANE('',#4592);
#4592 = AXIS2_PLACEMENT_3D('',#4593,#4594,#4595);
#4593 = CARTESIAN_POINT('',(0.,0.,3.2806));
#4594 = DIRECTION('',(0.,0.,1.));
#4595 = DIRECTION('',(1.,0.,-0.));
#4596 = ( GEOMETRIC_REPRESENTATION_CONTEXT(3) 
GLOBAL_UNCERTAINTY_ASSIGNED_CONTEXT((#4600)) 
GLOBAL_UNIT_ASSIGNED_CONTEXT((#4597,#4598,#4599)) REPRESENTATION_CONTEXT
('Context #1','3D Context with UNIT and UNCERTAINTY') );
#4597 = ( LENGTH_UNIT() NAMED_UNIT(*) SI_UNIT(.MILLI.,.METRE.) );
#4598 = ( NAMED_UNIT(*) PLANE_ANGLE_UNIT() SI_UNIT($,.RADIAN.) );
#4599 = ( NAMED_UNIT(*) SI_UNIT($,.STERADIAN.) SOLID_ANGLE_UNIT() );
#4600 = UNCERTAINTY_MEASURE_WITH_UNIT(LENGTH_MEASURE(1.E-07),#4597,
  'distance_accuracy_value','confusion accuracy');
#4601 = CONTEXT_DEPENDENT_SHAPE_REPRESENTATION(#4602,#4604);
#4602 = ( REPRESENTATION_RELATIONSHIP('','',#36,#10) 
REPRESENTATION_RELATIONSHIP_WITH_TRANSFORMATION(#4603) 
SHAPE_REPRESENTATION_RELATIONSHIP() );
#4603 = ITEM_DEFINED_TRANSFORMATION('','',#11,#15);
#4604 = PRODUCT_DEFINITION_SHAPE('Placement','Placement of an item',
  #4605);
#4605 = NEXT_ASSEMBLY_USAGE_OCCURRENCE('1','=>[0:1:1:2]','',#5,#31,$);
#4606 = PRODUCT_RELATED_PRODUCT_CATEGORY('part',$,(#33));
#4607 = SHAPE_DEFINITION_REPRESENTATION(#4608,#4614);
#4608 = PRODUCT_DEFINITION_SHAPE('','',#4609);
#4609 = PRODUCT_DEFINITION('design','',#4610,#4613);
#4610 = PRODUCT_DEFINITION_FORMATION('','',#4611);
#4611 = PRODUCT('buttboard_PCB','buttboard_PCB','',(#4612));
#4612 = PRODUCT_CONTEXT('',#2,'mechanical');
#4613 = PRODUCT_DEFINITION_CONTEXT('part definition',#2,'design');
#4614 = ADVANCED_BREP_SHAPE_REPRESENTATION('',(#11,#4615),#5618);
#4615 = MANIFOLD_SOLID_BREP('',#4616);
#4616 = CLOSED_SHELL('',(#4617,#4657,#4688,#4721,#4968,#5215,#5232,#5249
    ,#5266,#5283,#5300,#5317,#5334,#5351,#5363,#5380,#5397,#5414,#5431,
    #5448,#5465,#5482,#5499,#5516,#5533,#5550,#5567,#5584,#5601));
#4617 = ADVANCED_FACE('',(#4618),#4652,.T.);
#4618 = FACE_BOUND('',#4619,.T.);
#4619 = EDGE_LOOP('',(#4620,#4630,#4638,#4646));
#4620 = ORIENTED_EDGE('',*,*,#4621,.T.);
#4621 = EDGE_CURVE('',#4622,#4624,#4626,.T.);
#4622 = VERTEX_POINT('',#4623);
#4623 = CARTESIAN_POINT('',(194.5,-84.,0.));
#4624 = VERTEX_POINT('',#4625);
#4625 = CARTESIAN_POINT('',(194.5,-84.,3.2254));
#4626 = LINE('',#4627,#4628);
#4627 = CARTESIAN_POINT('',(194.5,-84.,0.));
#4628 = VECTOR('',#4629,1.);
#4629 = DIRECTION('',(0.,0.,1.));
#4630 = ORIENTED_EDGE('',*,*,#4631,.T.);
#4631 = EDGE_CURVE('',#4624,#4632,#4634,.T.);
#4632 = VERTEX_POINT('',#4633);
#4633 = CARTESIAN_POINT('',(192.5,-84.,3.2254));
#4634 = LINE('',#4635,#4636);
#4635 = CARTESIAN_POINT('',(194.5,-84.,3.2254));
#4636 = VECTOR('',#4637,1.);
#4637 = DIRECTION('',(-1.,0.,0.));
#4638 = ORIENTED_EDGE('',*,*,#4639,.F.);
#4639 = EDGE_CURVE('',#4640,#4632,#4642,.T.);
#4640 = VERTEX_POINT('',#4641);
#4641 = CARTESIAN_POINT('',(192.5,-84.,0.));
#4642 = LINE('',#4643,#4644);
#4643 = CARTESIAN_POINT('',(192.5,-84.,0.));
#4644 = VECTOR('',#4645,1.);
#4645 = DIRECTION('',(0.,0.,1.));
#4646 = ORIENTED_EDGE('',*,*,#4647,.F.);
#4647 = EDGE_CURVE('',#4622,#4640,#4648,.T.);
#4648 = LINE('',#4649,#4650);
#4649 = CARTESIAN_POINT('',(194.5,-84.,0.));
#4650 = VECTOR('',#4651,1.);
#4651 = DIRECTION('',(-1.,0.,0.));
#4652 = PLANE('',#4653);
#4653 = AXIS2_PLACEMENT_3D('',#4654,#4655,#4656);
#4654 = CARTESIAN_POINT('',(194.5,-84.,0.));
#4655 = DIRECTION('',(0.,-1.,0.));
#4656 = DIRECTION('',(-1.,0.,0.));
#4657 = ADVANCED_FACE('',(#4658),#4683,.T.);
#4658 = FACE_BOUND('',#4659,.T.);
#4659 = EDGE_LOOP('',(#4660,#4670,#4676,#4677));
#4660 = ORIENTED_EDGE('',*,*,#4661,.T.);
#4661 = EDGE_CURVE('',#4662,#4664,#4666,.T.);
#4662 = VERTEX_POINT('',#4663);
#4663 = CARTESIAN_POINT('',(194.5,-57.,0.));
#4664 = VERTEX_POINT('',#4665);
#4665 = CARTESIAN_POINT('',(194.5,-57.,3.2254));
#4666 = LINE('',#4667,#4668);
#4667 = CARTESIAN_POINT('',(194.5,-57.,0.));
#4668 = VECTOR('',#4669,1.);
#4669 = DIRECTION('',(0.,0.,1.));
#4670 = ORIENTED_EDGE('',*,*,#4671,.T.);
#4671 = EDGE_CURVE('',#4664,#4624,#4672,.T.);
#4672 = LINE('',#4673,#4674);
#4673 = CARTESIAN_POINT('',(194.5,-57.,3.2254));
#4674 = VECTOR('',#4675,1.);
#4675 = DIRECTION('',(0.,-1.,0.));
#4676 = ORIENTED_EDGE('',*,*,#4621,.F.);
#4677 = ORIENTED_EDGE('',*,*,#4678,.F.);
#4678 = EDGE_CURVE('',#4662,#4622,#4679,.T.);
#4679 = LINE('',#4680,#4681);
#4680 = CARTESIAN_POINT('',(194.5,-57.,0.));
#4681 = VECTOR('',#4682,1.);
#4682 = DIRECTION('',(0.,-1.,0.));
#4683 = PLANE('',#4684);
#4684 = AXIS2_PLACEMENT_3D('',#4685,#4686,#4687);
#4685 = CARTESIAN_POINT('',(194.5,-57.,0.));
#4686 = DIRECTION('',(1.,0.,-0.));
#4687 = DIRECTION('',(0.,-1.,0.));
#4688 = ADVANCED_FACE('',(#4689),#4716,.F.);
#4689 = FACE_BOUND('',#4690,.T.);
#4690 = EDGE_LOOP('',(#4691,#4692,#4701,#4709));
#4691 = ORIENTED_EDGE('',*,*,#4639,.T.);
#4692 = ORIENTED_EDGE('',*,*,#4693,.T.);
#4693 = EDGE_CURVE('',#4632,#4694,#4696,.T.);
#4694 = VERTEX_POINT('',#4695);
#4695 = CARTESIAN_POINT('',(192.5,-94.,3.2254));
#4696 = CIRCLE('',#4697,5.);
#4697 = AXIS2_PLACEMENT_3D('',#4698,#4699,#4700);
#4698 = CARTESIAN_POINT('',(192.5,-89.,3.2254));
#4699 = DIRECTION('',(0.,-0.,1.));
#4700 = DIRECTION('',(0.,1.,0.));
#4701 = ORIENTED_EDGE('',*,*,#4702,.F.);
#4702 = EDGE_CURVE('',#4703,#4694,#4705,.T.);
#4703 = VERTEX_POINT('',#4704);
#4704 = CARTESIAN_POINT('',(192.5,-94.,0.));
#4705 = LINE('',#4706,#4707);
#4706 = CARTESIAN_POINT('',(192.5,-94.,0.));
#4707 = VECTOR('',#4708,1.);
#4708 = DIRECTION('',(0.,0.,1.));
#4709 = ORIENTED_EDGE('',*,*,#4710,.F.);
#4710 = EDGE_CURVE('',#4640,#4703,#4711,.T.);
#4711 = CIRCLE('',#4712,5.);
#4712 = AXIS2_PLACEMENT_3D('',#4713,#4714,#4715);
#4713 = CARTESIAN_POINT('',(192.5,-89.,0.));
#4714 = DIRECTION('',(0.,-0.,1.));
#4715 = DIRECTION('',(0.,1.,0.));
#4716 = CYLINDRICAL_SURFACE('',#4717,5.);
#4717 = AXIS2_PLACEMENT_3D('',#4718,#4719,#4720);
#4718 = CARTESIAN_POINT('',(192.5,-89.,0.));
#4719 = DIRECTION('',(-0.,0.,-1.));
#4720 = DIRECTION('',(0.,1.,0.));
#4721 = ADVANCED_FACE('',(#4722,#4798,#4809,#4820,#4831,#4842,#4853,
    #4864,#4875,#4886,#4897,#4908,#4919,#4930,#4941,#4952),#4963,.F.);
#4722 = FACE_BOUND('',#4723,.F.);
#4723 = EDGE_LOOP('',(#4724,#4725,#4726,#4734,#4742,#4750,#4759,#4767,
    #4775,#4783,#4791,#4797));
#4724 = ORIENTED_EDGE('',*,*,#4647,.F.);
#4725 = ORIENTED_EDGE('',*,*,#4678,.F.);
#4726 = ORIENTED_EDGE('',*,*,#4727,.F.);
#4727 = EDGE_CURVE('',#4728,#4662,#4730,.T.);
#4728 = VERTEX_POINT('',#4729);
#4729 = CARTESIAN_POINT('',(110.5,-57.,0.));
#4730 = LINE('',#4731,#4732);
#4731 = CARTESIAN_POINT('',(110.5,-57.,0.));
#4732 = VECTOR('',#4733,1.);
#4733 = DIRECTION('',(1.,0.,0.));
#4734 = ORIENTED_EDGE('',*,*,#4735,.F.);
#4735 = EDGE_CURVE('',#4736,#4728,#4738,.T.);
#4736 = VERTEX_POINT('',#4737);
#4737 = CARTESIAN_POINT('',(110.5,-84.,0.));
#4738 = LINE('',#4739,#4740);
#4739 = CARTESIAN_POINT('',(110.5,-84.,0.));
#4740 = VECTOR('',#4741,1.);
#4741 = DIRECTION('',(0.,1.,0.));
#4742 = ORIENTED_EDGE('',*,*,#4743,.F.);
#4743 = EDGE_CURVE('',#4744,#4736,#4746,.T.);
#4744 = VERTEX_POINT('',#4745);
#4745 = CARTESIAN_POINT('',(112.5,-84.,0.));
#4746 = LINE('',#4747,#4748);
#4747 = CARTESIAN_POINT('',(112.5,-84.,0.));
#4748 = VECTOR('',#4749,1.);
#4749 = DIRECTION('',(-1.,0.,0.));
#4750 = ORIENTED_EDGE('',*,*,#4751,.F.);
#4751 = EDGE_CURVE('',#4752,#4744,#4754,.T.);
#4752 = VERTEX_POINT('',#4753);
#4753 = CARTESIAN_POINT('',(112.5,-94.,0.));
#4754 = CIRCLE('',#4755,5.);
#4755 = AXIS2_PLACEMENT_3D('',#4756,#4757,#4758);
#4756 = CARTESIAN_POINT('',(112.5,-89.,0.));
#4757 = DIRECTION('',(0.,0.,1.));
#4758 = DIRECTION('',(-0.,-1.,0.));
#4759 = ORIENTED_EDGE('',*,*,#4760,.F.);
#4760 = EDGE_CURVE('',#4761,#4752,#4763,.T.);
#4761 = VERTEX_POINT('',#4762);
#4762 = CARTESIAN_POINT('',(110.5,-94.,0.));
#4763 = LINE('',#4764,#4765);
#4764 = CARTESIAN_POINT('',(110.5,-94.,0.));
#4765 = VECTOR('',#4766,1.);
#4766 = DIRECTION('',(1.,0.,0.));
#4767 = ORIENTED_EDGE('',*,*,#4768,.F.);
#4768 = EDGE_CURVE('',#4769,#4761,#4771,.T.);
#4769 = VERTEX_POINT('',#4770);
#4770 = CARTESIAN_POINT('',(110.5,-122.,0.));
#4771 = LINE('',#4772,#4773);
#4772 = CARTESIAN_POINT('',(110.5,-122.,0.));
#4773 = VECTOR('',#4774,1.);
#4774 = DIRECTION('',(0.,1.,0.));
#4775 = ORIENTED_EDGE('',*,*,#4776,.F.);
#4776 = EDGE_CURVE('',#4777,#4769,#4779,.T.);
#4777 = VERTEX_POINT('',#4778);
#4778 = CARTESIAN_POINT('',(194.5,-122.,0.));
#4779 = LINE('',#4780,#4781);
#4780 = CARTESIAN_POINT('',(194.5,-122.,0.));
#4781 = VECTOR('',#4782,1.);
#4782 = DIRECTION('',(-1.,0.,0.));
#4783 = ORIENTED_EDGE('',*,*,#4784,.F.);
#4784 = EDGE_CURVE('',#4785,#4777,#4787,.T.);
#4785 = VERTEX_POINT('',#4786);
#4786 = CARTESIAN_POINT('',(194.5,-94.,0.));
#4787 = LINE('',#4788,#4789);
#4788 = CARTESIAN_POINT('',(194.5,-94.,0.));
#4789 = VECTOR('',#4790,1.);
#4790 = DIRECTION('',(0.,-1.,0.));
#4791 = ORIENTED_EDGE('',*,*,#4792,.F.);
#4792 = EDGE_CURVE('',#4703,#4785,#4793,.T.);
#4793 = LINE('',#4794,#4795);
#4794 = CARTESIAN_POINT('',(192.5,-94.,0.));
#4795 = VECTOR('',#4796,1.);
#4796 = DIRECTION('',(1.,0.,0.));
#4797 = ORIENTED_EDGE('',*,*,#4710,.F.);
#4798 = FACE_BOUND('',#4799,.F.);
#4799 = EDGE_LOOP('',(#4800));
#4800 = ORIENTED_EDGE('',*,*,#4801,.T.);
#4801 = EDGE_CURVE('',#4802,#4802,#4804,.T.);
#4802 = VERTEX_POINT('',#4803);
#4803 = CARTESIAN_POINT('',(115.5,-118.25,0.));
#4804 = CIRCLE('',#4805,1.25);
#4805 = AXIS2_PLACEMENT_3D('',#4806,#4807,#4808);
#4806 = CARTESIAN_POINT('',(115.5,-117.,0.));
#4807 = DIRECTION('',(-0.,0.,-1.));
#4808 = DIRECTION('',(-0.,-1.,0.));
#4809 = FACE_BOUND('',#4810,.F.);
#4810 = EDGE_LOOP('',(#4811));
#4811 = ORIENTED_EDGE('',*,*,#4812,.T.);
#4812 = EDGE_CURVE('',#4813,#4813,#4815,.T.);
#4813 = VERTEX_POINT('',#4814);
#4814 = CARTESIAN_POINT('',(141.795,-101.5,0.));
#4815 = CIRCLE('',#4816,0.5);
#4816 = AXIS2_PLACEMENT_3D('',#4817,#4818,#4819);
#4817 = CARTESIAN_POINT('',(141.795,-101.,0.));
#4818 = DIRECTION('',(-0.,0.,-1.));
#4819 = DIRECTION('',(-0.,-1.,0.));
#4820 = FACE_BOUND('',#4821,.F.);
#4821 = EDGE_LOOP('',(#4822));
#4822 = ORIENTED_EDGE('',*,*,#4823,.T.);
#4823 = EDGE_CURVE('',#4824,#4824,#4826,.T.);
#4824 = VERTEX_POINT('',#4825);
#4825 = CARTESIAN_POINT('',(144.335,-101.5,0.));
#4826 = CIRCLE('',#4827,0.5);
#4827 = AXIS2_PLACEMENT_3D('',#4828,#4829,#4830);
#4828 = CARTESIAN_POINT('',(144.335,-101.,0.));
#4829 = DIRECTION('',(-0.,0.,-1.));
#4830 = DIRECTION('',(-0.,-1.,0.));
#4831 = FACE_BOUND('',#4832,.F.);
#4832 = EDGE_LOOP('',(#4833));
#4833 = ORIENTED_EDGE('',*,*,#4834,.T.);
#4834 = EDGE_CURVE('',#4835,#4835,#4837,.T.);
#4835 = VERTEX_POINT('',#4836);
#4836 = CARTESIAN_POINT('',(146.875,-101.5,0.));
#4837 = CIRCLE('',#4838,0.5);
#4838 = AXIS2_PLACEMENT_3D('',#4839,#4840,#4841);
#4839 = CARTESIAN_POINT('',(146.875,-101.,0.));
#4840 = DIRECTION('',(-0.,0.,-1.));
#4841 = DIRECTION('',(-0.,-1.,0.));
#4842 = FACE_BOUND('',#4843,.F.);
#4843 = EDGE_LOOP('',(#4844));
#4844 = ORIENTED_EDGE('',*,*,#4845,.T.);
#4845 = EDGE_CURVE('',#4846,#4846,#4848,.T.);
#4846 = VERTEX_POINT('',#4847);
#4847 = CARTESIAN_POINT('',(149.415,-101.5,0.));
#4848 = CIRCLE('',#4849,0.5);
#4849 = AXIS2_PLACEMENT_3D('',#4850,#4851,#4852);
#4850 = CARTESIAN_POINT('',(149.415,-101.,0.));
#4851 = DIRECTION('',(-0.,0.,-1.));
#4852 = DIRECTION('',(-0.,-1.,0.));
#4853 = FACE_BOUND('',#4854,.F.);
#4854 = EDGE_LOOP('',(#4855));
#4855 = ORIENTED_EDGE('',*,*,#4856,.T.);
#4856 = EDGE_CURVE('',#4857,#4857,#4859,.T.);
#4857 = VERTEX_POINT('',#4858);
#4858 = CARTESIAN_POINT('',(151.955,-101.5,0.));
#4859 = CIRCLE('',#4860,0.5);
#4860 = AXIS2_PLACEMENT_3D('',#4861,#4862,#4863);
#4861 = CARTESIAN_POINT('',(151.955,-101.,0.));
#4862 = DIRECTION('',(-0.,0.,-1.));
#4863 = DIRECTION('',(-0.,-1.,0.));
#4864 = FACE_BOUND('',#4865,.F.);
#4865 = EDGE_LOOP('',(#4866));
#4866 = ORIENTED_EDGE('',*,*,#4867,.T.);
#4867 = EDGE_CURVE('',#4868,#4868,#4870,.T.);
#4868 = VERTEX_POINT('',#4869);
#4869 = CARTESIAN_POINT('',(189.5,-118.25,0.));
#4870 = CIRCLE('',#4871,1.25);
#4871 = AXIS2_PLACEMENT_3D('',#4872,#4873,#4874);
#4872 = CARTESIAN_POINT('',(189.5,-117.,0.));
#4873 = DIRECTION('',(-0.,0.,-1.));
#4874 = DIRECTION('',(-0.,-1.,0.));
#4875 = FACE_BOUND('',#4876,.F.);
#4876 = EDGE_LOOP('',(#4877));
#4877 = ORIENTED_EDGE('',*,*,#4878,.T.);
#4878 = EDGE_CURVE('',#4879,#4879,#4881,.T.);
#4879 = VERTEX_POINT('',#4880);
#4880 = CARTESIAN_POINT('',(135.,-81.1,0.));
#4881 = CIRCLE('',#4882,1.1);
#4882 = AXIS2_PLACEMENT_3D('',#4883,#4884,#4885);
#4883 = CARTESIAN_POINT('',(135.,-80.,0.));
#4884 = DIRECTION('',(-0.,0.,-1.));
#4885 = DIRECTION('',(-0.,-1.,0.));
#4886 = FACE_BOUND('',#4887,.F.);
#4887 = EDGE_LOOP('',(#4888));
#4888 = ORIENTED_EDGE('',*,*,#4889,.T.);
#4889 = EDGE_CURVE('',#4890,#4890,#4892,.T.);
#4890 = VERTEX_POINT('',#4891);
#4891 = CARTESIAN_POINT('',(127.,-73.1,0.));
#4892 = CIRCLE('',#4893,1.1);
#4893 = AXIS2_PLACEMENT_3D('',#4894,#4895,#4896);
#4894 = CARTESIAN_POINT('',(127.,-72.,0.));
#4895 = DIRECTION('',(-0.,0.,-1.));
#4896 = DIRECTION('',(-0.,-1.,0.));
#4897 = FACE_BOUND('',#4898,.F.);
#4898 = EDGE_LOOP('',(#4899));
#4899 = ORIENTED_EDGE('',*,*,#4900,.T.);
#4900 = EDGE_CURVE('',#4901,#4901,#4903,.T.);
#4901 = VERTEX_POINT('',#4902);
#4902 = CARTESIAN_POINT('',(116.,-63.75,0.));
#4903 = CIRCLE('',#4904,1.25);
#4904 = AXIS2_PLACEMENT_3D('',#4905,#4906,#4907);
#4905 = CARTESIAN_POINT('',(116.,-62.5,0.));
#4906 = DIRECTION('',(-0.,0.,-1.));
#4907 = DIRECTION('',(-0.,-1.,0.));
#4908 = FACE_BOUND('',#4909,.F.);
#4909 = EDGE_LOOP('',(#4910));
#4910 = ORIENTED_EDGE('',*,*,#4911,.T.);
#4911 = EDGE_CURVE('',#4912,#4912,#4914,.T.);
#4912 = VERTEX_POINT('',#4913);
#4913 = CARTESIAN_POINT('',(152.5,-90.25,0.));
#4914 = CIRCLE('',#4915,1.25);
#4915 = AXIS2_PLACEMENT_3D('',#4916,#4917,#4918);
#4916 = CARTESIAN_POINT('',(152.5,-89.,0.));
#4917 = DIRECTION('',(-0.,0.,-1.));
#4918 = DIRECTION('',(-0.,-1.,0.));
#4919 = FACE_BOUND('',#4920,.F.);
#4920 = EDGE_LOOP('',(#4921));
#4921 = ORIENTED_EDGE('',*,*,#4922,.T.);
#4922 = EDGE_CURVE('',#4923,#4923,#4925,.T.);
#4923 = VERTEX_POINT('',#4924);
#4924 = CARTESIAN_POINT('',(178.,-81.1,0.));
#4925 = CIRCLE('',#4926,1.1);
#4926 = AXIS2_PLACEMENT_3D('',#4927,#4928,#4929);
#4927 = CARTESIAN_POINT('',(178.,-80.,0.));
#4928 = DIRECTION('',(-0.,0.,-1.));
#4929 = DIRECTION('',(-0.,-1.,0.));
#4930 = FACE_BOUND('',#4931,.F.);
#4931 = EDGE_LOOP('',(#4932));
#4932 = ORIENTED_EDGE('',*,*,#4933,.T.);
#4933 = EDGE_CURVE('',#4934,#4934,#4936,.T.);
#4934 = VERTEX_POINT('',#4935);
#4935 = CARTESIAN_POINT('',(170.,-73.1,0.));
#4936 = CIRCLE('',#4937,1.1);
#4937 = AXIS2_PLACEMENT_3D('',#4938,#4939,#4940);
#4938 = CARTESIAN_POINT('',(170.,-72.,0.));
#4939 = DIRECTION('',(-0.,0.,-1.));
#4940 = DIRECTION('',(-0.,-1.,0.));
#4941 = FACE_BOUND('',#4942,.F.);
#4942 = EDGE_LOOP('',(#4943));
#4943 = ORIENTED_EDGE('',*,*,#4944,.T.);
#4944 = EDGE_CURVE('',#4945,#4945,#4947,.T.);
#4945 = VERTEX_POINT('',#4946);
#4946 = CARTESIAN_POINT('',(152.5,-63.75,0.));
#4947 = CIRCLE('',#4948,1.25);
#4948 = AXIS2_PLACEMENT_3D('',#4949,#4950,#4951);
#4949 = CARTESIAN_POINT('',(152.5,-62.5,0.));
#4950 = DIRECTION('',(-0.,0.,-1.));
#4951 = DIRECTION('',(-0.,-1.,0.));
#4952 = FACE_BOUND('',#4953,.F.);
#4953 = EDGE_LOOP('',(#4954));
#4954 = ORIENTED_EDGE('',*,*,#4955,.T.);
#4955 = EDGE_CURVE('',#4956,#4956,#4958,.T.);
#4956 = VERTEX_POINT('',#4957);
#4957 = CARTESIAN_POINT('',(189.5,-63.75,0.));
#4958 = CIRCLE('',#4959,1.25);
#4959 = AXIS2_PLACEMENT_3D('',#4960,#4961,#4962);
#4960 = CARTESIAN_POINT('',(189.5,-62.5,0.));
#4961 = DIRECTION('',(-0.,0.,-1.));
#4962 = DIRECTION('',(-0.,-1.,0.));
#4963 = PLANE('',#4964);
#4964 = AXIS2_PLACEMENT_3D('',#4965,#4966,#4967);
#4965 = CARTESIAN_POINT('',(0.,0.,0.));
#4966 = DIRECTION('',(0.,0.,1.));
#4967 = DIRECTION('',(1.,0.,-0.));
#4968 = ADVANCED_FACE('',(#4969,#5045,#5056,#5067,#5078,#5089,#5100,
    #5111,#5122,#5133,#5144,#5155,#5166,#5177,#5188,#5199),#5210,.T.);
#4969 = FACE_BOUND('',#4970,.T.);
#4970 = EDGE_LOOP('',(#4971,#4972,#4973,#4981,#4989,#4997,#5006,#5014,
    #5022,#5030,#5038,#5044));
#4971 = ORIENTED_EDGE('',*,*,#4631,.F.);
#4972 = ORIENTED_EDGE('',*,*,#4671,.F.);
#4973 = ORIENTED_EDGE('',*,*,#4974,.F.);
#4974 = EDGE_CURVE('',#4975,#4664,#4977,.T.);
#4975 = VERTEX_POINT('',#4976);
#4976 = CARTESIAN_POINT('',(110.5,-57.,3.2254));
#4977 = LINE('',#4978,#4979);
#4978 = CARTESIAN_POINT('',(110.5,-57.,3.2254));
#4979 = VECTOR('',#4980,1.);
#4980 = DIRECTION('',(1.,0.,0.));
#4981 = ORIENTED_EDGE('',*,*,#4982,.F.);
#4982 = EDGE_CURVE('',#4983,#4975,#4985,.T.);
#4983 = VERTEX_POINT('',#4984);
#4984 = CARTESIAN_POINT('',(110.5,-84.,3.2254));
#4985 = LINE('',#4986,#4987);
#4986 = CARTESIAN_POINT('',(110.5,-84.,3.2254));
#4987 = VECTOR('',#4988,1.);
#4988 = DIRECTION('',(0.,1.,0.));
#4989 = ORIENTED_EDGE('',*,*,#4990,.F.);
#4990 = EDGE_CURVE('',#4991,#4983,#4993,.T.);
#4991 = VERTEX_POINT('',#4992);
#4992 = CARTESIAN_POINT('',(112.5,-84.,3.2254));
#4993 = LINE('',#4994,#4995);
#4994 = CARTESIAN_POINT('',(112.5,-84.,3.2254));
#4995 = VECTOR('',#4996,1.);
#4996 = DIRECTION('',(-1.,0.,0.));
#4997 = ORIENTED_EDGE('',*,*,#4998,.F.);
#4998 = EDGE_CURVE('',#4999,#4991,#5001,.T.);
#4999 = VERTEX_POINT('',#5000);
#5000 = CARTESIAN_POINT('',(112.5,-94.,3.2254));
#5001 = CIRCLE('',#5002,5.);
#5002 = AXIS2_PLACEMENT_3D('',#5003,#5004,#5005);
#5003 = CARTESIAN_POINT('',(112.5,-89.,3.2254));
#5004 = DIRECTION('',(0.,0.,1.));
#5005 = DIRECTION('',(-0.,-1.,0.));
#5006 = ORIENTED_EDGE('',*,*,#5007,.F.);
#5007 = EDGE_CURVE('',#5008,#4999,#5010,.T.);
#5008 = VERTEX_POINT('',#5009);
#5009 = CARTESIAN_POINT('',(110.5,-94.,3.2254));
#5010 = LINE('',#5011,#5012);
#5011 = CARTESIAN_POINT('',(110.5,-94.,3.2254));
#5012 = VECTOR('',#5013,1.);
#5013 = DIRECTION('',(1.,0.,0.));
#5014 = ORIENTED_EDGE('',*,*,#5015,.F.);
#5015 = EDGE_CURVE('',#5016,#5008,#5018,.T.);
#5016 = VERTEX_POINT('',#5017);
#5017 = CARTESIAN_POINT('',(110.5,-122.,3.2254));
#5018 = LINE('',#5019,#5020);
#5019 = CARTESIAN_POINT('',(110.5,-122.,3.2254));
#5020 = VECTOR('',#5021,1.);
#5021 = DIRECTION('',(0.,1.,0.));
#5022 = ORIENTED_EDGE('',*,*,#5023,.F.);
#5023 = EDGE_CURVE('',#5024,#5016,#5026,.T.);
#5024 = VERTEX_POINT('',#5025);
#5025 = CARTESIAN_POINT('',(194.5,-122.,3.2254));
#5026 = LINE('',#5027,#5028);
#5027 = CARTESIAN_POINT('',(194.5,-122.,3.2254));
#5028 = VECTOR('',#5029,1.);
#5029 = DIRECTION('',(-1.,0.,0.));
#5030 = ORIENTED_EDGE('',*,*,#5031,.F.);
#5031 = EDGE_CURVE('',#5032,#5024,#5034,.T.);
#5032 = VERTEX_POINT('',#5033);
#5033 = CARTESIAN_POINT('',(194.5,-94.,3.2254));
#5034 = LINE('',#5035,#5036);
#5035 = CARTESIAN_POINT('',(194.5,-94.,3.2254));
#5036 = VECTOR('',#5037,1.);
#5037 = DIRECTION('',(0.,-1.,0.));
#5038 = ORIENTED_EDGE('',*,*,#5039,.F.);
#5039 = EDGE_CURVE('',#4694,#5032,#5040,.T.);
#5040 = LINE('',#5041,#5042);
#5041 = CARTESIAN_POINT('',(192.5,-94.,3.2254));
#5042 = VECTOR('',#5043,1.);
#5043 = DIRECTION('',(1.,0.,0.));
#5044 = ORIENTED_EDGE('',*,*,#4693,.F.);
#5045 = FACE_BOUND('',#5046,.T.);
#5046 = EDGE_LOOP('',(#5047));
#5047 = ORIENTED_EDGE('',*,*,#5048,.T.);
#5048 = EDGE_CURVE('',#5049,#5049,#5051,.T.);
#5049 = VERTEX_POINT('',#5050);
#5050 = CARTESIAN_POINT('',(115.5,-118.25,3.2254));
#5051 = CIRCLE('',#5052,1.25);
#5052 = AXIS2_PLACEMENT_3D('',#5053,#5054,#5055);
#5053 = CARTESIAN_POINT('',(115.5,-117.,3.2254));
#5054 = DIRECTION('',(-0.,0.,-1.));
#5055 = DIRECTION('',(-0.,-1.,0.));
#5056 = FACE_BOUND('',#5057,.T.);
#5057 = EDGE_LOOP('',(#5058));
#5058 = ORIENTED_EDGE('',*,*,#5059,.T.);
#5059 = EDGE_CURVE('',#5060,#5060,#5062,.T.);
#5060 = VERTEX_POINT('',#5061);
#5061 = CARTESIAN_POINT('',(141.795,-101.5,3.2254));
#5062 = CIRCLE('',#5063,0.5);
#5063 = AXIS2_PLACEMENT_3D('',#5064,#5065,#5066);
#5064 = CARTESIAN_POINT('',(141.795,-101.,3.2254));
#5065 = DIRECTION('',(-0.,0.,-1.));
#5066 = DIRECTION('',(-0.,-1.,0.));
#5067 = FACE_BOUND('',#5068,.T.);
#5068 = EDGE_LOOP('',(#5069));
#5069 = ORIENTED_EDGE('',*,*,#5070,.T.);
#5070 = EDGE_CURVE('',#5071,#5071,#5073,.T.);
#5071 = VERTEX_POINT('',#5072);
#5072 = CARTESIAN_POINT('',(144.335,-101.5,3.2254));
#5073 = CIRCLE('',#5074,0.5);
#5074 = AXIS2_PLACEMENT_3D('',#5075,#5076,#5077);
#5075 = CARTESIAN_POINT('',(144.335,-101.,3.2254));
#5076 = DIRECTION('',(-0.,0.,-1.));
#5077 = DIRECTION('',(-0.,-1.,0.));
#5078 = FACE_BOUND('',#5079,.T.);
#5079 = EDGE_LOOP('',(#5080));
#5080 = ORIENTED_EDGE('',*,*,#5081,.T.);
#5081 = EDGE_CURVE('',#5082,#5082,#5084,.T.);
#5082 = VERTEX_POINT('',#5083);
#5083 = CARTESIAN_POINT('',(146.875,-101.5,3.2254));
#5084 = CIRCLE('',#5085,0.5);
#5085 = AXIS2_PLACEMENT_3D('',#5086,#5087,#5088);
#5086 = CARTESIAN_POINT('',(146.875,-101.,3.2254));
#5087 = DIRECTION('',(-0.,0.,-1.));
#5088 = DIRECTION('',(-0.,-1.,0.));
#5089 = FACE_BOUND('',#5090,.T.);
#5090 = EDGE_LOOP('',(#5091));
#5091 = ORIENTED_EDGE('',*,*,#5092,.T.);
#5092 = EDGE_CURVE('',#5093,#5093,#5095,.T.);
#5093 = VERTEX_POINT('',#5094);
#5094 = CARTESIAN_POINT('',(149.415,-101.5,3.2254));
#5095 = CIRCLE('',#5096,0.5);
#5096 = AXIS2_PLACEMENT_3D('',#5097,#5098,#5099);
#5097 = CARTESIAN_POINT('',(149.415,-101.,3.2254));
#5098 = DIRECTION('',(-0.,0.,-1.));
#5099 = DIRECTION('',(-0.,-1.,0.));
#5100 = FACE_BOUND('',#5101,.T.);
#5101 = EDGE_LOOP('',(#5102));
#5102 = ORIENTED_EDGE('',*,*,#5103,.T.);
#5103 = EDGE_CURVE('',#5104,#5104,#5106,.T.);
#5104 = VERTEX_POINT('',#5105);
#5105 = CARTESIAN_POINT('',(151.955,-101.5,3.2254));
#5106 = CIRCLE('',#5107,0.5);
#5107 = AXIS2_PLACEMENT_3D('',#5108,#5109,#5110);
#5108 = CARTESIAN_POINT('',(151.955,-101.,3.2254));
#5109 = DIRECTION('',(-0.,0.,-1.));
#5110 = DIRECTION('',(-0.,-1.,0.));
#5111 = FACE_BOUND('',#5112,.T.);
#5112 = EDGE_LOOP('',(#5113));
#5113 = ORIENTED_EDGE('',*,*,#5114,.T.);
#5114 = EDGE_CURVE('',#5115,#5115,#5117,.T.);
#5115 = VERTEX_POINT('',#5116);
#5116 = CARTESIAN_POINT('',(189.5,-118.25,3.2254));
#5117 = CIRCLE('',#5118,1.25);
#5118 = AXIS2_PLACEMENT_3D('',#5119,#5120,#5121);
#5119 = CARTESIAN_POINT('',(189.5,-117.,3.2254));
#5120 = DIRECTION('',(-0.,0.,-1.));
#5121 = DIRECTION('',(-0.,-1.,0.));
#5122 = FACE_BOUND('',#5123,.T.);
#5123 = EDGE_LOOP('',(#5124));
#5124 = ORIENTED_EDGE('',*,*,#5125,.T.);
#5125 = EDGE_CURVE('',#5126,#5126,#5128,.T.);
#5126 = VERTEX_POINT('',#5127);
#5127 = CARTESIAN_POINT('',(135.,-81.1,3.2254));
#5128 = CIRCLE('',#5129,1.1);
#5129 = AXIS2_PLACEMENT_3D('',#5130,#5131,#5132);
#5130 = CARTESIAN_POINT('',(135.,-80.,3.2254));
#5131 = DIRECTION('',(-0.,0.,-1.));
#5132 = DIRECTION('',(-0.,-1.,0.));
#5133 = FACE_BOUND('',#5134,.T.);
#5134 = EDGE_LOOP('',(#5135));
#5135 = ORIENTED_EDGE('',*,*,#5136,.T.);
#5136 = EDGE_CURVE('',#5137,#5137,#5139,.T.);
#5137 = VERTEX_POINT('',#5138);
#5138 = CARTESIAN_POINT('',(127.,-73.1,3.2254));
#5139 = CIRCLE('',#5140,1.1);
#5140 = AXIS2_PLACEMENT_3D('',#5141,#5142,#5143);
#5141 = CARTESIAN_POINT('',(127.,-72.,3.2254));
#5142 = DIRECTION('',(-0.,0.,-1.));
#5143 = DIRECTION('',(-0.,-1.,0.));
#5144 = FACE_BOUND('',#5145,.T.);
#5145 = EDGE_LOOP('',(#5146));
#5146 = ORIENTED_EDGE('',*,*,#5147,.T.);
#5147 = EDGE_CURVE('',#5148,#5148,#5150,.T.);
#5148 = VERTEX_POINT('',#5149);
#5149 = CARTESIAN_POINT('',(116.,-63.75,3.2254));
#5150 = CIRCLE('',#5151,1.25);
#5151 = AXIS2_PLACEMENT_3D('',#5152,#5153,#5154);
#5152 = CARTESIAN_POINT('',(116.,-62.5,3.2254));
#5153 = DIRECTION('',(-0.,0.,-1.));
#5154 = DIRECTION('',(-0.,-1.,0.));
#5155 = FACE_BOUND('',#5156,.T.);
#5156 = EDGE_LOOP('',(#5157));
#5157 = ORIENTED_EDGE('',*,*,#5158,.T.);
#5158 = EDGE_CURVE('',#5159,#5159,#5161,.T.);
#5159 = VERTEX_POINT('',#5160);
#5160 = CARTESIAN_POINT('',(152.5,-90.25,3.2254));
#5161 = CIRCLE('',#5162,1.25);
#5162 = AXIS2_PLACEMENT_3D('',#5163,#5164,#5165);
#5163 = CARTESIAN_POINT('',(152.5,-89.,3.2254));
#5164 = DIRECTION('',(-0.,0.,-1.));
#5165 = DIRECTION('',(-0.,-1.,0.));
#5166 = FACE_BOUND('',#5167,.T.);
#5167 = EDGE_LOOP('',(#5168));
#5168 = ORIENTED_EDGE('',*,*,#5169,.T.);
#5169 = EDGE_CURVE('',#5170,#5170,#5172,.T.);
#5170 = VERTEX_POINT('',#5171);
#5171 = CARTESIAN_POINT('',(178.,-81.1,3.2254));
#5172 = CIRCLE('',#5173,1.1);
#5173 = AXIS2_PLACEMENT_3D('',#5174,#5175,#5176);
#5174 = CARTESIAN_POINT('',(178.,-80.,3.2254));
#5175 = DIRECTION('',(-0.,0.,-1.));
#5176 = DIRECTION('',(-0.,-1.,0.));
#5177 = FACE_BOUND('',#5178,.T.);
#5178 = EDGE_LOOP('',(#5179));
#5179 = ORIENTED_EDGE('',*,*,#5180,.T.);
#5180 = EDGE_CURVE('',#5181,#5181,#5183,.T.);
#5181 = VERTEX_POINT('',#5182);
#5182 = CARTESIAN_POINT('',(170.,-73.1,3.2254));
#5183 = CIRCLE('',#5184,1.1);
#5184 = AXIS2_PLACEMENT_3D('',#5185,#5186,#5187);
#5185 = CARTESIAN_POINT('',(170.,-72.,3.2254));
#5186 = DIRECTION('',(-0.,0.,-1.));
#5187 = DIRECTION('',(-0.,-1.,0.));
#5188 = FACE_BOUND('',#5189,.T.);
#5189 = EDGE_LOOP('',(#5190));
#5190 = ORIENTED_EDGE('',*,*,#5191,.T.);
#5191 = EDGE_CURVE('',#5192,#5192,#5194,.T.);
#5192 = VERTEX_POINT('',#5193);
#5193 = CARTESIAN_POINT('',(152.5,-63.75,3.2254));
#5194 = CIRCLE('',#5195,1.25);
#5195 = AXIS2_PLACEMENT_3D('',#5196,#5197,#5198);
#5196 = CARTESIAN_POINT('',(152.5,-62.5,3.2254));
#5197 = DIRECTION('',(-0.,0.,-1.));
#5198 = DIRECTION('',(-0.,-1.,0.));
#5199 = FACE_BOUND('',#5200,.T.);
#5200 = EDGE_LOOP('',(#5201));
#5201 = ORIENTED_EDGE('',*,*,#5202,.T.);
#5202 = EDGE_CURVE('',#5203,#5203,#5205,.T.);
#5203 = VERTEX_POINT('',#5204);
#5204 = CARTESIAN_POINT('',(189.5,-63.75,3.2254));
#5205 = CIRCLE('',#5206,1.25);
#5206 = AXIS2_PLACEMENT_3D('',#5207,#5208,#5209);
#5207 = CARTESIAN_POINT('',(189.5,-62.5,3.2254));
#5208 = DIRECTION('',(-0.,0.,-1.));
#5209 = DIRECTION('',(-0.,-1.,0.));
#5210 = PLANE('',#5211);
#5211 = AXIS2_PLACEMENT_3D('',#5212,#5213,#5214);
#5212 = CARTESIAN_POINT('',(0.,0.,3.2254));
#5213 = DIRECTION('',(0.,0.,1.));
#5214 = DIRECTION('',(1.,0.,-0.));
#5215 = ADVANCED_FACE('',(#5216),#5227,.T.);
#5216 = FACE_BOUND('',#5217,.T.);
#5217 = EDGE_LOOP('',(#5218,#5224,#5225,#5226));
#5218 = ORIENTED_EDGE('',*,*,#5219,.T.);
#5219 = EDGE_CURVE('',#4728,#4975,#5220,.T.);
#5220 = LINE('',#5221,#5222);
#5221 = CARTESIAN_POINT('',(110.5,-57.,0.));
#5222 = VECTOR('',#5223,1.);
#5223 = DIRECTION('',(0.,0.,1.));
#5224 = ORIENTED_EDGE('',*,*,#4974,.T.);
#5225 = ORIENTED_EDGE('',*,*,#4661,.F.);
#5226 = ORIENTED_EDGE('',*,*,#4727,.F.);
#5227 = PLANE('',#5228);
#5228 = AXIS2_PLACEMENT_3D('',#5229,#5230,#5231);
#5229 = CARTESIAN_POINT('',(110.5,-57.,0.));
#5230 = DIRECTION('',(0.,1.,0.));
#5231 = DIRECTION('',(1.,0.,0.));
#5232 = ADVANCED_FACE('',(#5233),#5244,.T.);
#5233 = FACE_BOUND('',#5234,.T.);
#5234 = EDGE_LOOP('',(#5235,#5236,#5237,#5243));
#5235 = ORIENTED_EDGE('',*,*,#4702,.T.);
#5236 = ORIENTED_EDGE('',*,*,#5039,.T.);
#5237 = ORIENTED_EDGE('',*,*,#5238,.F.);
#5238 = EDGE_CURVE('',#4785,#5032,#5239,.T.);
#5239 = LINE('',#5240,#5241);
#5240 = CARTESIAN_POINT('',(194.5,-94.,0.));
#5241 = VECTOR('',#5242,1.);
#5242 = DIRECTION('',(0.,0.,1.));
#5243 = ORIENTED_EDGE('',*,*,#4792,.F.);
#5244 = PLANE('',#5245);
#5245 = AXIS2_PLACEMENT_3D('',#5246,#5247,#5248);
#5246 = CARTESIAN_POINT('',(192.5,-94.,0.));
#5247 = DIRECTION('',(0.,1.,0.));
#5248 = DIRECTION('',(1.,0.,0.));
#5249 = ADVANCED_FACE('',(#5250),#5261,.T.);
#5250 = FACE_BOUND('',#5251,.T.);
#5251 = EDGE_LOOP('',(#5252,#5258,#5259,#5260));
#5252 = ORIENTED_EDGE('',*,*,#5253,.T.);
#5253 = EDGE_CURVE('',#4736,#4983,#5254,.T.);
#5254 = LINE('',#5255,#5256);
#5255 = CARTESIAN_POINT('',(110.5,-84.,0.));
#5256 = VECTOR('',#5257,1.);
#5257 = DIRECTION('',(0.,0.,1.));
#5258 = ORIENTED_EDGE('',*,*,#4982,.T.);
#5259 = ORIENTED_EDGE('',*,*,#5219,.F.);
#5260 = ORIENTED_EDGE('',*,*,#4735,.F.);
#5261 = PLANE('',#5262);
#5262 = AXIS2_PLACEMENT_3D('',#5263,#5264,#5265);
#5263 = CARTESIAN_POINT('',(110.5,-84.,0.));
#5264 = DIRECTION('',(-1.,0.,0.));
#5265 = DIRECTION('',(0.,1.,0.));
#5266 = ADVANCED_FACE('',(#5267),#5278,.T.);
#5267 = FACE_BOUND('',#5268,.T.);
#5268 = EDGE_LOOP('',(#5269,#5270,#5271,#5277));
#5269 = ORIENTED_EDGE('',*,*,#5238,.T.);
#5270 = ORIENTED_EDGE('',*,*,#5031,.T.);
#5271 = ORIENTED_EDGE('',*,*,#5272,.F.);
#5272 = EDGE_CURVE('',#4777,#5024,#5273,.T.);
#5273 = LINE('',#5274,#5275);
#5274 = CARTESIAN_POINT('',(194.5,-122.,0.));
#5275 = VECTOR('',#5276,1.);
#5276 = DIRECTION('',(0.,0.,1.));
#5277 = ORIENTED_EDGE('',*,*,#4784,.F.);
#5278 = PLANE('',#5279);
#5279 = AXIS2_PLACEMENT_3D('',#5280,#5281,#5282);
#5280 = CARTESIAN_POINT('',(194.5,-94.,0.));
#5281 = DIRECTION('',(1.,0.,-0.));
#5282 = DIRECTION('',(0.,-1.,0.));
#5283 = ADVANCED_FACE('',(#5284),#5295,.T.);
#5284 = FACE_BOUND('',#5285,.T.);
#5285 = EDGE_LOOP('',(#5286,#5292,#5293,#5294));
#5286 = ORIENTED_EDGE('',*,*,#5287,.T.);
#5287 = EDGE_CURVE('',#4744,#4991,#5288,.T.);
#5288 = LINE('',#5289,#5290);
#5289 = CARTESIAN_POINT('',(112.5,-84.,0.));
#5290 = VECTOR('',#5291,1.);
#5291 = DIRECTION('',(0.,0.,1.));
#5292 = ORIENTED_EDGE('',*,*,#4990,.T.);
#5293 = ORIENTED_EDGE('',*,*,#5253,.F.);
#5294 = ORIENTED_EDGE('',*,*,#4743,.F.);
#5295 = PLANE('',#5296);
#5296 = AXIS2_PLACEMENT_3D('',#5297,#5298,#5299);
#5297 = CARTESIAN_POINT('',(112.5,-84.,0.));
#5298 = DIRECTION('',(0.,-1.,0.));
#5299 = DIRECTION('',(-1.,0.,0.));
#5300 = ADVANCED_FACE('',(#5301),#5312,.T.);
#5301 = FACE_BOUND('',#5302,.T.);
#5302 = EDGE_LOOP('',(#5303,#5304,#5305,#5311));
#5303 = ORIENTED_EDGE('',*,*,#5272,.T.);
#5304 = ORIENTED_EDGE('',*,*,#5023,.T.);
#5305 = ORIENTED_EDGE('',*,*,#5306,.F.);
#5306 = EDGE_CURVE('',#4769,#5016,#5307,.T.);
#5307 = LINE('',#5308,#5309);
#5308 = CARTESIAN_POINT('',(110.5,-122.,0.));
#5309 = VECTOR('',#5310,1.);
#5310 = DIRECTION('',(0.,0.,1.));
#5311 = ORIENTED_EDGE('',*,*,#4776,.F.);
#5312 = PLANE('',#5313);
#5313 = AXIS2_PLACEMENT_3D('',#5314,#5315,#5316);
#5314 = CARTESIAN_POINT('',(194.5,-122.,0.));
#5315 = DIRECTION('',(0.,-1.,0.));
#5316 = DIRECTION('',(-1.,0.,0.));
#5317 = ADVANCED_FACE('',(#5318),#5329,.F.);
#5318 = FACE_BOUND('',#5319,.T.);
#5319 = EDGE_LOOP('',(#5320,#5326,#5327,#5328));
#5320 = ORIENTED_EDGE('',*,*,#5321,.T.);
#5321 = EDGE_CURVE('',#4752,#4999,#5322,.T.);
#5322 = LINE('',#5323,#5324);
#5323 = CARTESIAN_POINT('',(112.5,-94.,0.));
#5324 = VECTOR('',#5325,1.);
#5325 = DIRECTION('',(0.,0.,1.));
#5326 = ORIENTED_EDGE('',*,*,#4998,.T.);
#5327 = ORIENTED_EDGE('',*,*,#5287,.F.);
#5328 = ORIENTED_EDGE('',*,*,#4751,.F.);
#5329 = CYLINDRICAL_SURFACE('',#5330,5.);
#5330 = AXIS2_PLACEMENT_3D('',#5331,#5332,#5333);
#5331 = CARTESIAN_POINT('',(112.5,-89.,0.));
#5332 = DIRECTION('',(-0.,-0.,-1.));
#5333 = DIRECTION('',(-0.,-1.,0.));
#5334 = ADVANCED_FACE('',(#5335),#5346,.T.);
#5335 = FACE_BOUND('',#5336,.T.);
#5336 = EDGE_LOOP('',(#5337,#5338,#5339,#5345));
#5337 = ORIENTED_EDGE('',*,*,#5306,.T.);
#5338 = ORIENTED_EDGE('',*,*,#5015,.T.);
#5339 = ORIENTED_EDGE('',*,*,#5340,.F.);
#5340 = EDGE_CURVE('',#4761,#5008,#5341,.T.);
#5341 = LINE('',#5342,#5343);
#5342 = CARTESIAN_POINT('',(110.5,-94.,0.));
#5343 = VECTOR('',#5344,1.);
#5344 = DIRECTION('',(0.,0.,1.));
#5345 = ORIENTED_EDGE('',*,*,#4768,.F.);
#5346 = PLANE('',#5347);
#5347 = AXIS2_PLACEMENT_3D('',#5348,#5349,#5350);
#5348 = CARTESIAN_POINT('',(110.5,-122.,0.));
#5349 = DIRECTION('',(-1.,0.,0.));
#5350 = DIRECTION('',(0.,1.,0.));
#5351 = ADVANCED_FACE('',(#5352),#5358,.T.);
#5352 = FACE_BOUND('',#5353,.T.);
#5353 = EDGE_LOOP('',(#5354,#5355,#5356,#5357));
#5354 = ORIENTED_EDGE('',*,*,#5340,.T.);
#5355 = ORIENTED_EDGE('',*,*,#5007,.T.);
#5356 = ORIENTED_EDGE('',*,*,#5321,.F.);
#5357 = ORIENTED_EDGE('',*,*,#4760,.F.);
#5358 = PLANE('',#5359);
#5359 = AXIS2_PLACEMENT_3D('',#5360,#5361,#5362);
#5360 = CARTESIAN_POINT('',(110.5,-94.,0.));
#5361 = DIRECTION('',(0.,1.,0.));
#5362 = DIRECTION('',(1.,0.,0.));
#5363 = ADVANCED_FACE('',(#5364),#5375,.F.);
#5364 = FACE_BOUND('',#5365,.T.);
#5365 = EDGE_LOOP('',(#5366,#5367,#5373,#5374));
#5366 = ORIENTED_EDGE('',*,*,#4801,.T.);
#5367 = ORIENTED_EDGE('',*,*,#5368,.T.);
#5368 = EDGE_CURVE('',#4802,#5049,#5369,.T.);
#5369 = LINE('',#5370,#5371);
#5370 = CARTESIAN_POINT('',(115.5,-118.25,-4.6E-02));
#5371 = VECTOR('',#5372,1.);
#5372 = DIRECTION('',(0.,0.,1.));
#5373 = ORIENTED_EDGE('',*,*,#5048,.F.);
#5374 = ORIENTED_EDGE('',*,*,#5368,.F.);
#5375 = CYLINDRICAL_SURFACE('',#5376,1.25);
#5376 = AXIS2_PLACEMENT_3D('',#5377,#5378,#5379);
#5377 = CARTESIAN_POINT('',(115.5,-117.,-4.6E-02));
#5378 = DIRECTION('',(-0.,-0.,-1.));
#5379 = DIRECTION('',(-0.,-1.,0.));
#5380 = ADVANCED_FACE('',(#5381),#5392,.F.);
#5381 = FACE_BOUND('',#5382,.T.);
#5382 = EDGE_LOOP('',(#5383,#5384,#5390,#5391));
#5383 = ORIENTED_EDGE('',*,*,#4812,.T.);
#5384 = ORIENTED_EDGE('',*,*,#5385,.T.);
#5385 = EDGE_CURVE('',#4813,#5060,#5386,.T.);
#5386 = LINE('',#5387,#5388);
#5387 = CARTESIAN_POINT('',(141.795,-101.5,-4.6E-02));
#5388 = VECTOR('',#5389,1.);
#5389 = DIRECTION('',(0.,0.,1.));
#5390 = ORIENTED_EDGE('',*,*,#5059,.F.);
#5391 = ORIENTED_EDGE('',*,*,#5385,.F.);
#5392 = CYLINDRICAL_SURFACE('',#5393,0.5);
#5393 = AXIS2_PLACEMENT_3D('',#5394,#5395,#5396);
#5394 = CARTESIAN_POINT('',(141.795,-101.,-4.6E-02));
#5395 = DIRECTION('',(-0.,-0.,-1.));
#5396 = DIRECTION('',(-0.,-1.,0.));
#5397 = ADVANCED_FACE('',(#5398),#5409,.F.);
#5398 = FACE_BOUND('',#5399,.T.);
#5399 = EDGE_LOOP('',(#5400,#5401,#5407,#5408));
#5400 = ORIENTED_EDGE('',*,*,#4823,.T.);
#5401 = ORIENTED_EDGE('',*,*,#5402,.T.);
#5402 = EDGE_CURVE('',#4824,#5071,#5403,.T.);
#5403 = LINE('',#5404,#5405);
#5404 = CARTESIAN_POINT('',(144.335,-101.5,-4.6E-02));
#5405 = VECTOR('',#5406,1.);
#5406 = DIRECTION('',(0.,0.,1.));
#5407 = ORIENTED_EDGE('',*,*,#5070,.F.);
#5408 = ORIENTED_EDGE('',*,*,#5402,.F.);
#5409 = CYLINDRICAL_SURFACE('',#5410,0.5);
#5410 = AXIS2_PLACEMENT_3D('',#5411,#5412,#5413);
#5411 = CARTESIAN_POINT('',(144.335,-101.,-4.6E-02));
#5412 = DIRECTION('',(-0.,-0.,-1.));
#5413 = DIRECTION('',(-0.,-1.,0.));
#5414 = ADVANCED_FACE('',(#5415),#5426,.F.);
#5415 = FACE_BOUND('',#5416,.T.);
#5416 = EDGE_LOOP('',(#5417,#5418,#5424,#5425));
#5417 = ORIENTED_EDGE('',*,*,#4834,.T.);
#5418 = ORIENTED_EDGE('',*,*,#5419,.T.);
#5419 = EDGE_CURVE('',#4835,#5082,#5420,.T.);
#5420 = LINE('',#5421,#5422);
#5421 = CARTESIAN_POINT('',(146.875,-101.5,-4.6E-02));
#5422 = VECTOR('',#5423,1.);
#5423 = DIRECTION('',(0.,0.,1.));
#5424 = ORIENTED_EDGE('',*,*,#5081,.F.);
#5425 = ORIENTED_EDGE('',*,*,#5419,.F.);
#5426 = CYLINDRICAL_SURFACE('',#5427,0.5);
#5427 = AXIS2_PLACEMENT_3D('',#5428,#5429,#5430);
#5428 = CARTESIAN_POINT('',(146.875,-101.,-4.6E-02));
#5429 = DIRECTION('',(-0.,-0.,-1.));
#5430 = DIRECTION('',(-0.,-1.,0.));
#5431 = ADVANCED_FACE('',(#5432),#5443,.F.);
#5432 = FACE_BOUND('',#5433,.T.);
#5433 = EDGE_LOOP('',(#5434,#5435,#5441,#5442));
#5434 = ORIENTED_EDGE('',*,*,#4845,.T.);
#5435 = ORIENTED_EDGE('',*,*,#5436,.T.);
#5436 = EDGE_CURVE('',#4846,#5093,#5437,.T.);
#5437 = LINE('',#5438,#5439);
#5438 = CARTESIAN_POINT('',(149.415,-101.5,-4.6E-02));
#5439 = VECTOR('',#5440,1.);
#5440 = DIRECTION('',(0.,0.,1.));
#5441 = ORIENTED_EDGE('',*,*,#5092,.F.);
#5442 = ORIENTED_EDGE('',*,*,#5436,.F.);
#5443 = CYLINDRICAL_SURFACE('',#5444,0.5);
#5444 = AXIS2_PLACEMENT_3D('',#5445,#5446,#5447);
#5445 = CARTESIAN_POINT('',(149.415,-101.,-4.6E-02));
#5446 = DIRECTION('',(-0.,-0.,-1.));
#5447 = DIRECTION('',(-0.,-1.,0.));
#5448 = ADVANCED_FACE('',(#5449),#5460,.F.);
#5449 = FACE_BOUND('',#5450,.T.);
#5450 = EDGE_LOOP('',(#5451,#5452,#5458,#5459));
#5451 = ORIENTED_EDGE('',*,*,#4856,.T.);
#5452 = ORIENTED_EDGE('',*,*,#5453,.T.);
#5453 = EDGE_CURVE('',#4857,#5104,#5454,.T.);
#5454 = LINE('',#5455,#5456);
#5455 = CARTESIAN_POINT('',(151.955,-101.5,-4.6E-02));
#5456 = VECTOR('',#5457,1.);
#5457 = DIRECTION('',(0.,0.,1.));
#5458 = ORIENTED_EDGE('',*,*,#5103,.F.);
#5459 = ORIENTED_EDGE('',*,*,#5453,.F.);
#5460 = CYLINDRICAL_SURFACE('',#5461,0.5);
#5461 = AXIS2_PLACEMENT_3D('',#5462,#5463,#5464);
#5462 = CARTESIAN_POINT('',(151.955,-101.,-4.6E-02));
#5463 = DIRECTION('',(-0.,-0.,-1.));
#5464 = DIRECTION('',(-0.,-1.,0.));
#5465 = ADVANCED_FACE('',(#5466),#5477,.F.);
#5466 = FACE_BOUND('',#5467,.T.);
#5467 = EDGE_LOOP('',(#5468,#5469,#5475,#5476));
#5468 = ORIENTED_EDGE('',*,*,#4867,.T.);
#5469 = ORIENTED_EDGE('',*,*,#5470,.T.);
#5470 = EDGE_CURVE('',#4868,#5115,#5471,.T.);
#5471 = LINE('',#5472,#5473);
#5472 = CARTESIAN_POINT('',(189.5,-118.25,-4.6E-02));
#5473 = VECTOR('',#5474,1.);
#5474 = DIRECTION('',(0.,0.,1.));
#5475 = ORIENTED_EDGE('',*,*,#5114,.F.);
#5476 = ORIENTED_EDGE('',*,*,#5470,.F.);
#5477 = CYLINDRICAL_SURFACE('',#5478,1.25);
#5478 = AXIS2_PLACEMENT_3D('',#5479,#5480,#5481);
#5479 = CARTESIAN_POINT('',(189.5,-117.,-4.6E-02));
#5480 = DIRECTION('',(-0.,-0.,-1.));
#5481 = DIRECTION('',(-0.,-1.,0.));
#5482 = ADVANCED_FACE('',(#5483),#5494,.F.);
#5483 = FACE_BOUND('',#5484,.T.);
#5484 = EDGE_LOOP('',(#5485,#5486,#5492,#5493));
#5485 = ORIENTED_EDGE('',*,*,#4878,.T.);
#5486 = ORIENTED_EDGE('',*,*,#5487,.T.);
#5487 = EDGE_CURVE('',#4879,#5126,#5488,.T.);
#5488 = LINE('',#5489,#5490);
#5489 = CARTESIAN_POINT('',(135.,-81.1,-4.6E-02));
#5490 = VECTOR('',#5491,1.);
#5491 = DIRECTION('',(0.,0.,1.));
#5492 = ORIENTED_EDGE('',*,*,#5125,.F.);
#5493 = ORIENTED_EDGE('',*,*,#5487,.F.);
#5494 = CYLINDRICAL_SURFACE('',#5495,1.1);
#5495 = AXIS2_PLACEMENT_3D('',#5496,#5497,#5498);
#5496 = CARTESIAN_POINT('',(135.,-80.,-4.6E-02));
#5497 = DIRECTION('',(-0.,-0.,-1.));
#5498 = DIRECTION('',(-0.,-1.,0.));
#5499 = ADVANCED_FACE('',(#5500),#5511,.F.);
#5500 = FACE_BOUND('',#5501,.T.);
#5501 = EDGE_LOOP('',(#5502,#5503,#5509,#5510));
#5502 = ORIENTED_EDGE('',*,*,#4889,.T.);
#5503 = ORIENTED_EDGE('',*,*,#5504,.T.);
#5504 = EDGE_CURVE('',#4890,#5137,#5505,.T.);
#5505 = LINE('',#5506,#5507);
#5506 = CARTESIAN_POINT('',(127.,-73.1,-4.6E-02));
#5507 = VECTOR('',#5508,1.);
#5508 = DIRECTION('',(0.,0.,1.));
#5509 = ORIENTED_EDGE('',*,*,#5136,.F.);
#5510 = ORIENTED_EDGE('',*,*,#5504,.F.);
#5511 = CYLINDRICAL_SURFACE('',#5512,1.1);
#5512 = AXIS2_PLACEMENT_3D('',#5513,#5514,#5515);
#5513 = CARTESIAN_POINT('',(127.,-72.,-4.6E-02));
#5514 = DIRECTION('',(-0.,-0.,-1.));
#5515 = DIRECTION('',(-0.,-1.,0.));
#5516 = ADVANCED_FACE('',(#5517),#5528,.F.);
#5517 = FACE_BOUND('',#5518,.T.);
#5518 = EDGE_LOOP('',(#5519,#5520,#5526,#5527));
#5519 = ORIENTED_EDGE('',*,*,#4900,.T.);
#5520 = ORIENTED_EDGE('',*,*,#5521,.T.);
#5521 = EDGE_CURVE('',#4901,#5148,#5522,.T.);
#5522 = LINE('',#5523,#5524);
#5523 = CARTESIAN_POINT('',(116.,-63.75,-4.6E-02));
#5524 = VECTOR('',#5525,1.);
#5525 = DIRECTION('',(0.,0.,1.));
#5526 = ORIENTED_EDGE('',*,*,#5147,.F.);
#5527 = ORIENTED_EDGE('',*,*,#5521,.F.);
#5528 = CYLINDRICAL_SURFACE('',#5529,1.25);
#5529 = AXIS2_PLACEMENT_3D('',#5530,#5531,#5532);
#5530 = CARTESIAN_POINT('',(116.,-62.5,-4.6E-02));
#5531 = DIRECTION('',(-0.,-0.,-1.));
#5532 = DIRECTION('',(-0.,-1.,0.));
#5533 = ADVANCED_FACE('',(#5534),#5545,.F.);
#5534 = FACE_BOUND('',#5535,.T.);
#5535 = EDGE_LOOP('',(#5536,#5537,#5543,#5544));
#5536 = ORIENTED_EDGE('',*,*,#4911,.T.);
#5537 = ORIENTED_EDGE('',*,*,#5538,.T.);
#5538 = EDGE_CURVE('',#4912,#5159,#5539,.T.);
#5539 = LINE('',#5540,#5541);
#5540 = CARTESIAN_POINT('',(152.5,-90.25,-4.6E-02));
#5541 = VECTOR('',#5542,1.);
#5542 = DIRECTION('',(0.,0.,1.));
#5543 = ORIENTED_EDGE('',*,*,#5158,.F.);
#5544 = ORIENTED_EDGE('',*,*,#5538,.F.);
#5545 = CYLINDRICAL_SURFACE('',#5546,1.25);
#5546 = AXIS2_PLACEMENT_3D('',#5547,#5548,#5549);
#5547 = CARTESIAN_POINT('',(152.5,-89.,-4.6E-02));
#5548 = DIRECTION('',(-0.,-0.,-1.));
#5549 = DIRECTION('',(-0.,-1.,0.));
#5550 = ADVANCED_FACE('',(#5551),#5562,.F.);
#5551 = FACE_BOUND('',#5552,.T.);
#5552 = EDGE_LOOP('',(#5553,#5554,#5560,#5561));
#5553 = ORIENTED_EDGE('',*,*,#4922,.T.);
#5554 = ORIENTED_EDGE('',*,*,#5555,.T.);
#5555 = EDGE_CURVE('',#4923,#5170,#5556,.T.);
#5556 = LINE('',#5557,#5558);
#5557 = CARTESIAN_POINT('',(178.,-81.1,-4.6E-02));
#5558 = VECTOR('',#5559,1.);
#5559 = DIRECTION('',(0.,0.,1.));
#5560 = ORIENTED_EDGE('',*,*,#5169,.F.);
#5561 = ORIENTED_EDGE('',*,*,#5555,.F.);
#5562 = CYLINDRICAL_SURFACE('',#5563,1.1);
#5563 = AXIS2_PLACEMENT_3D('',#5564,#5565,#5566);
#5564 = CARTESIAN_POINT('',(178.,-80.,-4.6E-02));
#5565 = DIRECTION('',(-0.,-0.,-1.));
#5566 = DIRECTION('',(-0.,-1.,0.));
#5567 = ADVANCED_FACE('',(#5568),#5579,.F.);
#5568 = FACE_BOUND('',#5569,.T.);
#5569 = EDGE_LOOP('',(#5570,#5571,#5577,#5578));
#5570 = ORIENTED_EDGE('',*,*,#4933,.T.);
#5571 = ORIENTED_EDGE('',*,*,#5572,.T.);
#5572 = EDGE_CURVE('',#4934,#5181,#5573,.T.);
#5573 = LINE('',#5574,#5575);
#5574 = CARTESIAN_POINT('',(170.,-73.1,-4.6E-02));
#5575 = VECTOR('',#5576,1.);
#5576 = DIRECTION('',(0.,0.,1.));
#5577 = ORIENTED_EDGE('',*,*,#5180,.F.);
#5578 = ORIENTED_EDGE('',*,*,#5572,.F.);
#5579 = CYLINDRICAL_SURFACE('',#5580,1.1);
#5580 = AXIS2_PLACEMENT_3D('',#5581,#5582,#5583);
#5581 = CARTESIAN_POINT('',(170.,-72.,-4.6E-02));
#5582 = DIRECTION('',(-0.,-0.,-1.));
#5583 = DIRECTION('',(-0.,-1.,0.));
#5584 = ADVANCED_FACE('',(#5585),#5596,.F.);
#5585 = FACE_BOUND('',#5586,.T.);
#5586 = EDGE_LOOP('',(#5587,#5588,#5594,#5595));
#5587 = ORIENTED_EDGE('',*,*,#4944,.T.);
#5588 = ORIENTED_EDGE('',*,*,#5589,.T.);
#5589 = EDGE_CURVE('',#4945,#5192,#5590,.T.);
#5590 = LINE('',#5591,#5592);
#5591 = CARTESIAN_POINT('',(152.5,-63.75,-4.6E-02));
#5592 = VECTOR('',#5593,1.);
#5593 = DIRECTION('',(0.,0.,1.));
#5594 = ORIENTED_EDGE('',*,*,#5191,.F.);
#5595 = ORIENTED_EDGE('',*,*,#5589,.F.);
#5596 = CYLINDRICAL_SURFACE('',#5597,1.25);
#5597 = AXIS2_PLACEMENT_3D('',#5598,#5599,#5600);
#5598 = CARTESIAN_POINT('',(152.5,-62.5,-4.6E-02));
#5599 = DIRECTION('',(-0.,-0.,-1.));
#5600 = DIRECTION('',(-0.,-1.,0.));
#5601 = ADVANCED_FACE('',(#5602),#5613,.F.);
#5602 = FACE_BOUND('',#5603,.T.);
#5603 = EDGE_LOOP('',(#5604,#5605,#5611,#5612));
#5604 = ORIENTED_EDGE('',*,*,#4955,.T.);
#5605 = ORIENTED_EDGE('',*,*,#5606,.T.);
#5606 = EDGE_CURVE('',#4956,#5203,#5607,.T.);
#5607 = LINE('',#5608,#5609);
#5608 = CARTESIAN_POINT('',(189.5,-63.75,-4.6E-02));
#5609 = VECTOR('',#5610,1.);
#5610 = DIRECTION('',(0.,0.,1.));
#5611 = ORIENTED_EDGE('',*,*,#5202,.F.);
#5612 = ORIENTED_EDGE('',*,*,#5606,.F.);
#5613 = CYLINDRICAL_SURFACE('',#5614,1.25);
#5614 = AXIS2_PLACEMENT_3D('',#5615,#5616,#5617);
#5615 = CARTESIAN_POINT('',(189.5,-62.5,-4.6E-02));
#5616 = DIRECTION('',(-0.,-0.,-1.));
#5617 = DIRECTION('',(-0.,-1.,0.));
#5618 = ( GEOMETRIC_REPRESENTATION_CONTEXT(3) 
GLOBAL_UNCERTAINTY_ASSIGNED_CONTEXT((#5622)) 
GLOBAL_UNIT_ASSIGNED_CONTEXT((#5619,#5620,#5621)) REPRESENTATION_CONTEXT
('Context #1','3D Context with UNIT and UNCERTAINTY') );
#5619 = ( LENGTH_UNIT() NAMED_UNIT(*) SI_UNIT(.MILLI.,.METRE.) );
#5620 = ( NAMED_UNIT(*) PLANE_ANGLE_UNIT() SI_UNIT($,.RADIAN.) );
#5621 = ( NAMED_UNIT(*) SI_UNIT($,.STERADIAN.) SOLID_ANGLE_UNIT() );
#5622 = UNCERTAINTY_MEASURE_WITH_UNIT(LENGTH_MEASURE(1.E-07),#5619,
  'distance_accuracy_value','confusion accuracy');
#5623 = CONTEXT_DEPENDENT_SHAPE_REPRESENTATION(#5624,#5626);
#5624 = ( REPRESENTATION_RELATIONSHIP('','',#4614,#10) 
REPRESENTATION_RELATIONSHIP_WITH_TRANSFORMATION(#5625) 
SHAPE_REPRESENTATION_RELATIONSHIP() );
#5625 = ITEM_DEFINED_TRANSFORMATION('','',#11,#19);
#5626 = PRODUCT_DEFINITION_SHAPE('Placement','Placement of an item',
  #5627);
#5627 = NEXT_ASSEMBLY_USAGE_OCCURRENCE('2','=>[0:1:1:3]','',#5,#4609,$);
#5628 = PRODUCT_RELATED_PRODUCT_CATEGORY('part',$,(#4611));
#5629 = MECHANICAL_DESIGN_GEOMETRIC_PRESENTATION_REPRESENTATION('',(
    #5630),#5618);
#5630 = STYLED_ITEM('color',(#5631),#4615);
#5631 = PRESENTATION_STYLE_ASSIGNMENT((#5632));
#5632 = SURFACE_STYLE_USAGE(.BOTH.,#5633);
#5633 = SURFACE_SIDE_STYLE('',(#5634));
#5634 = SURFACE_STYLE_FILL_AREA(#5635);
#5635 = FILL_AREA_STYLE('',(#5636));
#5636 = FILL_AREA_STYLE_COLOUR('',#5637);
#5637 = COLOUR_RGB('',0.313304153717,0.484529207832,0.410020903123);
#5638 = MECHANICAL_DESIGN_GEOMETRIC_PRESENTATION_REPRESENTATION('',(
    #5639,#5649,#5658,#5667,#5676,#5685,#5694,#5703,#5712,#5721,#5730,
    #5739,#5748,#5757,#5766,#5775,#5784,#5793,#5802,#5811,#5820,#5829,
    #5838,#5847,#5856,#5865,#5874,#5883,#5892,#5901,#5910,#5919,#5928,
    #5937,#5946,#5955),#4596);
#5639 = STYLED_ITEM('color',(#5640),#39);
#5640 = PRESENTATION_STYLE_ASSIGNMENT((#5641));
#5641 = SURFACE_STYLE_USAGE(.BOTH.,#5642);
#5642 = SURFACE_SIDE_STYLE('',(#5643,#5647));
#5643 = SURFACE_STYLE_FILL_AREA(#5644);
#5644 = FILL_AREA_STYLE('',(#5645));
#5645 = FILL_AREA_STYLE_COLOUR('',#5646);
#5646 = DRAUGHTING_PRE_DEFINED_COLOUR('white');
#5647 = SURFACE_STYLE_RENDERING_WITH_PROPERTIES(.NORMAL_SHADING.,#5646,(
    #5648));
#5648 = SURFACE_STYLE_TRANSPARENT(0.100000023842);
#5649 = STYLED_ITEM('color',(#5650),#151);
#5650 = PRESENTATION_STYLE_ASSIGNMENT((#5651));
#5651 = SURFACE_STYLE_USAGE(.BOTH.,#5652);
#5652 = SURFACE_SIDE_STYLE('',(#5653,#5656));
#5653 = SURFACE_STYLE_FILL_AREA(#5654);
#5654 = FILL_AREA_STYLE('',(#5655));
#5655 = FILL_AREA_STYLE_COLOUR('',#5646);
#5656 = SURFACE_STYLE_RENDERING_WITH_PROPERTIES(.NORMAL_SHADING.,#5646,(
    #5657));
#5657 = SURFACE_STYLE_TRANSPARENT(0.100000023842);
#5658 = STYLED_ITEM('color',(#5659),#277);
#5659 = PRESENTATION_STYLE_ASSIGNMENT((#5660));
#5660 = SURFACE_STYLE_USAGE(.BOTH.,#5661);
#5661 = SURFACE_SIDE_STYLE('',(#5662,#5665));
#5662 = SURFACE_STYLE_FILL_AREA(#5663);
#5663 = FILL_AREA_STYLE('',(#5664));
#5664 = FILL_AREA_STYLE_COLOUR('',#5646);
#5665 = SURFACE_STYLE_RENDERING_WITH_PROPERTIES(.NORMAL_SHADING.,#5646,(
    #5666));
#5666 = SURFACE_STYLE_TRANSPARENT(0.100000023842);
#5667 = STYLED_ITEM('color',(#5668),#590);
#5668 = PRESENTATION_STYLE_ASSIGNMENT((#5669));
#5669 = SURFACE_STYLE_USAGE(.BOTH.,#5670);
#5670 = SURFACE_SIDE_STYLE('',(#5671,#5674));
#5671 = SURFACE_STYLE_FILL_AREA(#5672);
#5672 = FILL_AREA_STYLE('',(#5673));
#5673 = FILL_AREA_STYLE_COLOUR('',#5646);
#5674 = SURFACE_STYLE_RENDERING_WITH_PROPERTIES(.NORMAL_SHADING.,#5646,(
    #5675));
#5675 = SURFACE_STYLE_TRANSPARENT(0.100000023842);
#5676 = STYLED_ITEM('color',(#5677),#716);
#5677 = PRESENTATION_STYLE_ASSIGNMENT((#5678));
#5678 = SURFACE_STYLE_USAGE(.BOTH.,#5679);
#5679 = SURFACE_SIDE_STYLE('',(#5680,#5683));
#5680 = SURFACE_STYLE_FILL_AREA(#5681);
#5681 = FILL_AREA_STYLE('',(#5682));
#5682 = FILL_AREA_STYLE_COLOUR('',#5646);
#5683 = SURFACE_STYLE_RENDERING_WITH_PROPERTIES(.NORMAL_SHADING.,#5646,(
    #5684));
#5684 = SURFACE_STYLE_TRANSPARENT(0.100000023842);
#5685 = STYLED_ITEM('color',(#5686),#952);
#5686 = PRESENTATION_STYLE_ASSIGNMENT((#5687));
#5687 = SURFACE_STYLE_USAGE(.BOTH.,#5688);
#5688 = SURFACE_SIDE_STYLE('',(#5689,#5692));
#5689 = SURFACE_STYLE_FILL_AREA(#5690);
#5690 = FILL_AREA_STYLE('',(#5691));
#5691 = FILL_AREA_STYLE_COLOUR('',#5646);
#5692 = SURFACE_STYLE_RENDERING_WITH_PROPERTIES(.NORMAL_SHADING.,#5646,(
    #5693));
#5693 = SURFACE_STYLE_TRANSPARENT(0.100000023842);
#5694 = STYLED_ITEM('color',(#5695),#1029);
#5695 = PRESENTATION_STYLE_ASSIGNMENT((#5696));
#5696 = SURFACE_STYLE_USAGE(.BOTH.,#5697);
#5697 = SURFACE_SIDE_STYLE('',(#5698,#5701));
#5698 = SURFACE_STYLE_FILL_AREA(#5699);
#5699 = FILL_AREA_STYLE('',(#5700));
#5700 = FILL_AREA_STYLE_COLOUR('',#5646);
#5701 = SURFACE_STYLE_RENDERING_WITH_PROPERTIES(.NORMAL_SHADING.,#5646,(
    #5702));
#5702 = SURFACE_STYLE_TRANSPARENT(0.100000023842);
#5703 = STYLED_ITEM('color',(#5704),#1141);
#5704 = PRESENTATION_STYLE_ASSIGNMENT((#5705));
#5705 = SURFACE_STYLE_USAGE(.BOTH.,#5706);
#5706 = SURFACE_SIDE_STYLE('',(#5707,#5710));
#5707 = SURFACE_STYLE_FILL_AREA(#5708);
#5708 = FILL_AREA_STYLE('',(#5709));
#5709 = FILL_AREA_STYLE_COLOUR('',#5646);
#5710 = SURFACE_STYLE_RENDERING_WITH_PROPERTIES(.NORMAL_SHADING.,#5646,(
    #5711));
#5711 = SURFACE_STYLE_TRANSPARENT(0.100000023842);
#5712 = STYLED_ITEM('color',(#5713),#1219);
#5713 = PRESENTATION_STYLE_ASSIGNMENT((#5714));
#5714 = SURFACE_STYLE_USAGE(.BOTH.,#5715);
#5715 = SURFACE_SIDE_STYLE('',(#5716,#5719));
#5716 = SURFACE_STYLE_FILL_AREA(#5717);
#5717 = FILL_AREA_STYLE('',(#5718));
#5718 = FILL_AREA_STYLE_COLOUR('',#5646);
#5719 = SURFACE_STYLE_RENDERING_WITH_PROPERTIES(.NORMAL_SHADING.,#5646,(
    #5720));
#5720 = SURFACE_STYLE_TRANSPARENT(0.100000023842);
#5721 = STYLED_ITEM('color',(#5722),#1361);
#5722 = PRESENTATION_STYLE_ASSIGNMENT((#5723));
#5723 = SURFACE_STYLE_USAGE(.BOTH.,#5724);
#5724 = SURFACE_SIDE_STYLE('',(#5725,#5728));
#5725 = SURFACE_STYLE_FILL_AREA(#5726);
#5726 = FILL_AREA_STYLE('',(#5727));
#5727 = FILL_AREA_STYLE_COLOUR('',#5646);
#5728 = SURFACE_STYLE_RENDERING_WITH_PROPERTIES(.NORMAL_SHADING.,#5646,(
    #5729));
#5729 = SURFACE_STYLE_TRANSPARENT(0.100000023842);
#5730 = STYLED_ITEM('color',(#5731),#1391);
#5731 = PRESENTATION_STYLE_ASSIGNMENT((#5732));
#5732 = SURFACE_STYLE_USAGE(.BOTH.,#5733);
#5733 = SURFACE_SIDE_STYLE('',(#5734,#5737));
#5734 = SURFACE_STYLE_FILL_AREA(#5735);
#5735 = FILL_AREA_STYLE('',(#5736));
#5736 = FILL_AREA_STYLE_COLOUR('',#5646);
#5737 = SURFACE_STYLE_RENDERING_WITH_PROPERTIES(.NORMAL_SHADING.,#5646,(
    #5738));
#5738 = SURFACE_STYLE_TRANSPARENT(0.100000023842);
#5739 = STYLED_ITEM('color',(#5740),#1421);
#5740 = PRESENTATION_STYLE_ASSIGNMENT((#5741));
#5741 = SURFACE_STYLE_USAGE(.BOTH.,#5742);
#5742 = SURFACE_SIDE_STYLE('',(#5743,#5746));
#5743 = SURFACE_STYLE_FILL_AREA(#5744);
#5744 = FILL_AREA_STYLE('',(#5745));
#5745 = FILL_AREA_STYLE_COLOUR('',#5646);
#5746 = SURFACE_STYLE_RENDERING_WITH_PROPERTIES(.NORMAL_SHADING.,#5646,(
    #5747));
#5747 = SURFACE_STYLE_TRANSPARENT(0.100000023842);
#5748 = STYLED_ITEM('color',(#5749),#1451);
#5749 = PRESENTATION_STYLE_ASSIGNMENT((#5750));
#5750 = SURFACE_STYLE_USAGE(.BOTH.,#5751);
#5751 = SURFACE_SIDE_STYLE('',(#5752,#5755));
#5752 = SURFACE_STYLE_FILL_AREA(#5753);
#5753 = FILL_AREA_STYLE('',(#5754));
#5754 = FILL_AREA_STYLE_COLOUR('',#5646);
#5755 = SURFACE_STYLE_RENDERING_WITH_PROPERTIES(.NORMAL_SHADING.,#5646,(
    #5756));
#5756 = SURFACE_STYLE_TRANSPARENT(0.100000023842);
#5757 = STYLED_ITEM('color',(#5758),#1618);
#5758 = PRESENTATION_STYLE_ASSIGNMENT((#5759));
#5759 = SURFACE_STYLE_USAGE(.BOTH.,#5760);
#5760 = SURFACE_SIDE_STYLE('',(#5761,#5764));
#5761 = SURFACE_STYLE_FILL_AREA(#5762);
#5762 = FILL_AREA_STYLE('',(#5763));
#5763 = FILL_AREA_STYLE_COLOUR('',#5646);
#5764 = SURFACE_STYLE_RENDERING_WITH_PROPERTIES(.NORMAL_SHADING.,#5646,(
    #5765));
#5765 = SURFACE_STYLE_TRANSPARENT(0.100000023842);
#5766 = STYLED_ITEM('color',(#5767),#1744);
#5767 = PRESENTATION_STYLE_ASSIGNMENT((#5768));
#5768 = SURFACE_STYLE_USAGE(.BOTH.,#5769);
#5769 = SURFACE_SIDE_STYLE('',(#5770,#5773));
#5770 = SURFACE_STYLE_FILL_AREA(#5771);
#5771 = FILL_AREA_STYLE('',(#5772));
#5772 = FILL_AREA_STYLE_COLOUR('',#5646);
#5773 = SURFACE_STYLE_RENDERING_WITH_PROPERTIES(.NORMAL_SHADING.,#5646,(
    #5774));
#5774 = SURFACE_STYLE_TRANSPARENT(0.100000023842);
#5775 = STYLED_ITEM('color',(#5776),#1886);
#5776 = PRESENTATION_STYLE_ASSIGNMENT((#5777));
#5777 = SURFACE_STYLE_USAGE(.BOTH.,#5778);
#5778 = SURFACE_SIDE_STYLE('',(#5779,#5782));
#5779 = SURFACE_STYLE_FILL_AREA(#5780);
#5780 = FILL_AREA_STYLE('',(#5781));
#5781 = FILL_AREA_STYLE_COLOUR('',#5646);
#5782 = SURFACE_STYLE_RENDERING_WITH_PROPERTIES(.NORMAL_SHADING.,#5646,(
    #5783));
#5783 = SURFACE_STYLE_TRANSPARENT(0.100000023842);
#5784 = STYLED_ITEM('color',(#5785),#2012);
#5785 = PRESENTATION_STYLE_ASSIGNMENT((#5786));
#5786 = SURFACE_STYLE_USAGE(.BOTH.,#5787);
#5787 = SURFACE_SIDE_STYLE('',(#5788,#5791));
#5788 = SURFACE_STYLE_FILL_AREA(#5789);
#5789 = FILL_AREA_STYLE('',(#5790));
#5790 = FILL_AREA_STYLE_COLOUR('',#5646);
#5791 = SURFACE_STYLE_RENDERING_WITH_PROPERTIES(.NORMAL_SHADING.,#5646,(
    #5792));
#5792 = SURFACE_STYLE_TRANSPARENT(0.100000023842);
#5793 = STYLED_ITEM('color',(#5794),#2042);
#5794 = PRESENTATION_STYLE_ASSIGNMENT((#5795));
#5795 = SURFACE_STYLE_USAGE(.BOTH.,#5796);
#5796 = SURFACE_SIDE_STYLE('',(#5797,#5800));
#5797 = SURFACE_STYLE_FILL_AREA(#5798);
#5798 = FILL_AREA_STYLE('',(#5799));
#5799 = FILL_AREA_STYLE_COLOUR('',#5646);
#5800 = SURFACE_STYLE_RENDERING_WITH_PROPERTIES(.NORMAL_SHADING.,#5646,(
    #5801));
#5801 = SURFACE_STYLE_TRANSPARENT(0.100000023842);
#5802 = STYLED_ITEM('color',(#5803),#2290);
#5803 = PRESENTATION_STYLE_ASSIGNMENT((#5804));
#5804 = SURFACE_STYLE_USAGE(.BOTH.,#5805);
#5805 = SURFACE_SIDE_STYLE('',(#5806,#5809));
#5806 = SURFACE_STYLE_FILL_AREA(#5807);
#5807 = FILL_AREA_STYLE('',(#5808));
#5808 = FILL_AREA_STYLE_COLOUR('',#5646);
#5809 = SURFACE_STYLE_RENDERING_WITH_PROPERTIES(.NORMAL_SHADING.,#5646,(
    #5810));
#5810 = SURFACE_STYLE_TRANSPARENT(0.100000023842);
#5811 = STYLED_ITEM('color',(#5812),#2320);
#5812 = PRESENTATION_STYLE_ASSIGNMENT((#5813));
#5813 = SURFACE_STYLE_USAGE(.BOTH.,#5814);
#5814 = SURFACE_SIDE_STYLE('',(#5815,#5818));
#5815 = SURFACE_STYLE_FILL_AREA(#5816);
#5816 = FILL_AREA_STYLE('',(#5817));
#5817 = FILL_AREA_STYLE_COLOUR('',#5646);
#5818 = SURFACE_STYLE_RENDERING_WITH_PROPERTIES(.NORMAL_SHADING.,#5646,(
    #5819));
#5819 = SURFACE_STYLE_TRANSPARENT(0.100000023842);
#5820 = STYLED_ITEM('color',(#5821),#2350);
#5821 = PRESENTATION_STYLE_ASSIGNMENT((#5822));
#5822 = SURFACE_STYLE_USAGE(.BOTH.,#5823);
#5823 = SURFACE_SIDE_STYLE('',(#5824,#5827));
#5824 = SURFACE_STYLE_FILL_AREA(#5825);
#5825 = FILL_AREA_STYLE('',(#5826));
#5826 = FILL_AREA_STYLE_COLOUR('',#5646);
#5827 = SURFACE_STYLE_RENDERING_WITH_PROPERTIES(.NORMAL_SHADING.,#5646,(
    #5828));
#5828 = SURFACE_STYLE_TRANSPARENT(0.100000023842);
#5829 = STYLED_ITEM('color',(#5830),#2380);
#5830 = PRESENTATION_STYLE_ASSIGNMENT((#5831));
#5831 = SURFACE_STYLE_USAGE(.BOTH.,#5832);
#5832 = SURFACE_SIDE_STYLE('',(#5833,#5836));
#5833 = SURFACE_STYLE_FILL_AREA(#5834);
#5834 = FILL_AREA_STYLE('',(#5835));
#5835 = FILL_AREA_STYLE_COLOUR('',#5646);
#5836 = SURFACE_STYLE_RENDERING_WITH_PROPERTIES(.NORMAL_SHADING.,#5646,(
    #5837));
#5837 = SURFACE_STYLE_TRANSPARENT(0.100000023842);
#5838 = STYLED_ITEM('color',(#5839),#2506);
#5839 = PRESENTATION_STYLE_ASSIGNMENT((#5840));
#5840 = SURFACE_STYLE_USAGE(.BOTH.,#5841);
#5841 = SURFACE_SIDE_STYLE('',(#5842,#5845));
#5842 = SURFACE_STYLE_FILL_AREA(#5843);
#5843 = FILL_AREA_STYLE('',(#5844));
#5844 = FILL_AREA_STYLE_COLOUR('',#5646);
#5845 = SURFACE_STYLE_RENDERING_WITH_PROPERTIES(.NORMAL_SHADING.,#5646,(
    #5846));
#5846 = SURFACE_STYLE_TRANSPARENT(0.100000023842);
#5847 = STYLED_ITEM('color',(#5848),#2649);
#5848 = PRESENTATION_STYLE_ASSIGNMENT((#5849));
#5849 = SURFACE_STYLE_USAGE(.BOTH.,#5850);
#5850 = SURFACE_SIDE_STYLE('',(#5851,#5854));
#5851 = SURFACE_STYLE_FILL_AREA(#5852);
#5852 = FILL_AREA_STYLE('',(#5853));
#5853 = FILL_AREA_STYLE_COLOUR('',#5646);
#5854 = SURFACE_STYLE_RENDERING_WITH_PROPERTIES(.NORMAL_SHADING.,#5646,(
    #5855));
#5855 = SURFACE_STYLE_TRANSPARENT(0.100000023842);
#5856 = STYLED_ITEM('color',(#5857),#2775);
#5857 = PRESENTATION_STYLE_ASSIGNMENT((#5858));
#5858 = SURFACE_STYLE_USAGE(.BOTH.,#5859);
#5859 = SURFACE_SIDE_STYLE('',(#5860,#5863));
#5860 = SURFACE_STYLE_FILL_AREA(#5861);
#5861 = FILL_AREA_STYLE('',(#5862));
#5862 = FILL_AREA_STYLE_COLOUR('',#5646);
#5863 = SURFACE_STYLE_RENDERING_WITH_PROPERTIES(.NORMAL_SHADING.,#5646,(
    #5864));
#5864 = SURFACE_STYLE_TRANSPARENT(0.100000023842);
#5865 = STYLED_ITEM('color',(#5866),#2969);
#5866 = PRESENTATION_STYLE_ASSIGNMENT((#5867));
#5867 = SURFACE_STYLE_USAGE(.BOTH.,#5868);
#5868 = SURFACE_SIDE_STYLE('',(#5869,#5872));
#5869 = SURFACE_STYLE_FILL_AREA(#5870);
#5870 = FILL_AREA_STYLE('',(#5871));
#5871 = FILL_AREA_STYLE_COLOUR('',#5646);
#5872 = SURFACE_STYLE_RENDERING_WITH_PROPERTIES(.NORMAL_SHADING.,#5646,(
    #5873));
#5873 = SURFACE_STYLE_TRANSPARENT(0.100000023842);
#5874 = STYLED_ITEM('color',(#5875),#2999);
#5875 = PRESENTATION_STYLE_ASSIGNMENT((#5876));
#5876 = SURFACE_STYLE_USAGE(.BOTH.,#5877);
#5877 = SURFACE_SIDE_STYLE('',(#5878,#5881));
#5878 = SURFACE_STYLE_FILL_AREA(#5879);
#5879 = FILL_AREA_STYLE('',(#5880));
#5880 = FILL_AREA_STYLE_COLOUR('',#5646);
#5881 = SURFACE_STYLE_RENDERING_WITH_PROPERTIES(.NORMAL_SHADING.,#5646,(
    #5882));
#5882 = SURFACE_STYLE_TRANSPARENT(0.100000023842);
#5883 = STYLED_ITEM('color',(#5884),#3247);
#5884 = PRESENTATION_STYLE_ASSIGNMENT((#5885));
#5885 = SURFACE_STYLE_USAGE(.BOTH.,#5886);
#5886 = SURFACE_SIDE_STYLE('',(#5887,#5890));
#5887 = SURFACE_STYLE_FILL_AREA(#5888);
#5888 = FILL_AREA_STYLE('',(#5889));
#5889 = FILL_AREA_STYLE_COLOUR('',#5646);
#5890 = SURFACE_STYLE_RENDERING_WITH_PROPERTIES(.NORMAL_SHADING.,#5646,(
    #5891));
#5891 = SURFACE_STYLE_TRANSPARENT(0.100000023842);
#5892 = STYLED_ITEM('color',(#5893),#3389);
#5893 = PRESENTATION_STYLE_ASSIGNMENT((#5894));
#5894 = SURFACE_STYLE_USAGE(.BOTH.,#5895);
#5895 = SURFACE_SIDE_STYLE('',(#5896,#5899));
#5896 = SURFACE_STYLE_FILL_AREA(#5897);
#5897 = FILL_AREA_STYLE('',(#5898));
#5898 = FILL_AREA_STYLE_COLOUR('',#5646);
#5899 = SURFACE_STYLE_RENDERING_WITH_PROPERTIES(.NORMAL_SHADING.,#5646,(
    #5900));
#5900 = SURFACE_STYLE_TRANSPARENT(0.100000023842);
#5901 = STYLED_ITEM('color',(#5902),#3515);
#5902 = PRESENTATION_STYLE_ASSIGNMENT((#5903));
#5903 = SURFACE_STYLE_USAGE(.BOTH.,#5904);
#5904 = SURFACE_SIDE_STYLE('',(#5905,#5908));
#5905 = SURFACE_STYLE_FILL_AREA(#5906);
#5906 = FILL_AREA_STYLE('',(#5907));
#5907 = FILL_AREA_STYLE_COLOUR('',#5646);
#5908 = SURFACE_STYLE_RENDERING_WITH_PROPERTIES(.NORMAL_SHADING.,#5646,(
    #5909));
#5909 = SURFACE_STYLE_TRANSPARENT(0.100000023842);
#5910 = STYLED_ITEM('color',(#5911),#3727);
#5911 = PRESENTATION_STYLE_ASSIGNMENT((#5912));
#5912 = SURFACE_STYLE_USAGE(.BOTH.,#5913);
#5913 = SURFACE_SIDE_STYLE('',(#5914,#5917));
#5914 = SURFACE_STYLE_FILL_AREA(#5915);
#5915 = FILL_AREA_STYLE('',(#5916));
#5916 = FILL_AREA_STYLE_COLOUR('',#5646);
#5917 = SURFACE_STYLE_RENDERING_WITH_PROPERTIES(.NORMAL_SHADING.,#5646,(
    #5918));
#5918 = SURFACE_STYLE_TRANSPARENT(0.100000023842);
#5919 = STYLED_ITEM('color',(#5920),#3796);
#5920 = PRESENTATION_STYLE_ASSIGNMENT((#5921));
#5921 = SURFACE_STYLE_USAGE(.BOTH.,#5922);
#5922 = SURFACE_SIDE_STYLE('',(#5923,#5926));
#5923 = SURFACE_STYLE_FILL_AREA(#5924);
#5924 = FILL_AREA_STYLE('',(#5925));
#5925 = FILL_AREA_STYLE_COLOUR('',#5646);
#5926 = SURFACE_STYLE_RENDERING_WITH_PROPERTIES(.NORMAL_SHADING.,#5646,(
    #5927));
#5927 = SURFACE_STYLE_TRANSPARENT(0.100000023842);
#5928 = STYLED_ITEM('color',(#5929),#3922);
#5929 = PRESENTATION_STYLE_ASSIGNMENT((#5930));
#5930 = SURFACE_STYLE_USAGE(.BOTH.,#5931);
#5931 = SURFACE_SIDE_STYLE('',(#5932,#5935));
#5932 = SURFACE_STYLE_FILL_AREA(#5933);
#5933 = FILL_AREA_STYLE('',(#5934));
#5934 = FILL_AREA_STYLE_COLOUR('',#5646);
#5935 = SURFACE_STYLE_RENDERING_WITH_PROPERTIES(.NORMAL_SHADING.,#5646,(
    #5936));
#5936 = SURFACE_STYLE_TRANSPARENT(0.100000023842);
#5937 = STYLED_ITEM('color',(#5938),#4125);
#5938 = PRESENTATION_STYLE_ASSIGNMENT((#5939));
#5939 = SURFACE_STYLE_USAGE(.BOTH.,#5940);
#5940 = SURFACE_SIDE_STYLE('',(#5941,#5944));
#5941 = SURFACE_STYLE_FILL_AREA(#5942);
#5942 = FILL_AREA_STYLE('',(#5943));
#5943 = FILL_AREA_STYLE_COLOUR('',#5646);
#5944 = SURFACE_STYLE_RENDERING_WITH_PROPERTIES(.NORMAL_SHADING.,#5646,(
    #5945));
#5945 = SURFACE_STYLE_TRANSPARENT(0.100000023842);
#5946 = STYLED_ITEM('color',(#5947),#4251);
#5947 = PRESENTATION_STYLE_ASSIGNMENT((#5948));
#5948 = SURFACE_STYLE_USAGE(.BOTH.,#5949);
#5949 = SURFACE_SIDE_STYLE('',(#5950,#5953));
#5950 = SURFACE_STYLE_FILL_AREA(#5951);
#5951 = FILL_AREA_STYLE('',(#5952));
#5952 = FILL_AREA_STYLE_COLOUR('',#5646);
#5953 = SURFACE_STYLE_RENDERING_WITH_PROPERTIES(.NORMAL_SHADING.,#5646,(
    #5954));
#5954 = SURFACE_STYLE_TRANSPARENT(0.100000023842);
#5955 = STYLED_ITEM('color',(#5956),#4377);
#5956 = PRESENTATION_STYLE_ASSIGNMENT((#5957));
#5957 = SURFACE_STYLE_USAGE(.BOTH.,#5958);
#5958 = SURFACE_SIDE_STYLE('',(#5959,#5962));
#5959 = SURFACE_STYLE_FILL_AREA(#5960);
#5960 = FILL_AREA_STYLE('',(#5961));
#5961 = FILL_AREA_STYLE_COLOUR('',#5646);
#5962 = SURFACE_STYLE_RENDERING_WITH_PROPERTIES(.NORMAL_SHADING.,#5646,(
    #5963));
#5963 = SURFACE_STYLE_TRANSPARENT(0.100000023842);
ENDSEC;
END-ISO-10303-21;
